1.000000000000000000e+00,7.064328450001462478e-01,6.652511083353386256e-01,6.203811918616227716e-01,6.791156266672880859e-01,6.576582456514441510e-01,7.206349479976570382e-01,7.059609232163848169e-01,6.639142354221230224e-01,4.587073805509153113e-01,6.979121559769934091e-01,5.692829003735286886e-01,6.616298213117125515e-01,6.597586530651986525e-01,6.955873500774877316e-01,4.083273131159131930e-01,5.980425493325237651e-01,6.112803706093480338e-01,6.230948010102050905e-01,6.131259025462070245e-01,6.057375468827549403e-01,7.455996289931769994e-01,6.792003824662186107e-01,6.393508022779113009e-01,6.468929872700596162e-01,6.702222500868024735e-01,6.534646395974508248e-01,6.601885935766993452e-01,6.843734538218561037e-01,6.844114770074642973e-01,6.229673674931597294e-01,6.043306922521547442e-01,6.180451844372628623e-01,6.408452201377702329e-01,7.140725840067262409e-01,6.873913005927282383e-01,6.242771153887459734e-01,5.705088487656877483e-01,7.085045551425876997e-01,6.158285389530774312e-01,6.792914500190306848e-01,6.621735587230760389e-01,6.727369785649476297e-01,7.243807071612414772e-01,6.661893137678360777e-01,6.032063138999300689e-01,6.130557784626220474e-01,4.982650296967720549e-01,1.966165088977530895e-01,1.309076498472509786e-01,3.148804990385885572e-01,6.843350259498220955e-01,6.783124585436763887e-01,7.017640870352638283e-01,1.621435169753474848e-01,4.159061021743248321e-01,4.614137921638925000e-01,6.878801762199189263e-01,6.978415786635694396e-01,6.843168171446707415e-01
7.064328450001462478e-01,1.000000000000000000e+00,7.237435009108009742e-01,6.794281100663150941e-01,7.394026776729392125e-01,7.429350356961983426e-01,7.555795619672019958e-01,7.647486297290615465e-01,7.414357241371174467e-01,5.106652369122668400e-01,7.795220784759985255e-01,6.316759794679885909e-01,7.333779464151185534e-01,7.670783053472637336e-01,8.042936996936155269e-01,4.430873063398870215e-01,6.661001811730258293e-01,6.480571385233486748e-01,6.529547970008454660e-01,6.397015840971941314e-01,7.054382521931954475e-01,8.190602708481641292e-01,7.497125094247437671e-01,7.086420358949819809e-01,6.872441168048286642e-01,7.926987304510196841e-01,7.180362676997188442e-01,7.716261578661260945e-01,7.652139913241973179e-01,7.764518112122829052e-01,7.206834988057407854e-01,7.186706643328455435e-01,6.824980651988858948e-01,7.242567741544494453e-01,7.732262200298988253e-01,7.866849683555798833e-01,6.828553547286395631e-01,6.809167046841935189e-01,8.081250160914064118e-01,6.854627366031671443e-01,7.493109370190198515e-01,7.678417077148232961e-01,7.301838061912564459e-01,8.042103378899885247e-01,7.484912680999951107e-01,7.185939473215717799e-01,6.986292848195854166e-01,5.497678292685088675e-01,2.525393889787879709e-01,1.663525332439078908e-01,3.466960998361930946e-01,7.224243992683943016e-01,7.781714169462539132e-01,7.607430115275212179e-01,1.964655065942731149e-01,4.606874667663097833e-01,5.224230329241924542e-01,7.862649723794595813e-01,7.738642527337651345e-01,7.810175888763757346e-01
6.652511083353386256e-01,7.237435009108009742e-01,1.000000000000000000e+00,6.792526985243116933e-01,6.898528332897660986e-01,6.827783432764324978e-01,7.323640036461941394e-01,7.389907145130855115e-01,6.697862198022459523e-01,4.860614540083871837e-01,7.177495463835376066e-01,5.771539657359598952e-01,7.008150333364999707e-01,6.760407859875026126e-01,7.309456925321614618e-01,3.983545903871164584e-01,6.199786793611533620e-01,6.492021948334693038e-01,6.486339785585339968e-01,6.426668522747616130e-01,6.458607361513174494e-01,7.290201825694597737e-01,7.111010745548627110e-01,6.814585615741022284e-01,6.271253020352086649e-01,6.847043068336153837e-01,6.703825035073536220e-01,6.894029309910103542e-01,6.954349653340525794e-01,7.049971522870241980e-01,6.264218638828578101e-01,6.103294333127473603e-01,6.609192351805213139e-01,6.822275219938159774e-01,7.201833973296015712e-01,7.218763640514892499e-01,6.798490772950404049e-01,5.743793986805952878e-01,7.375101073267334995e-01,6.247686155662929286e-01,7.166237981599745677e-01,7.052696414321983909e-01,6.931813417253851473e-01,7.080419062033201927e-01,7.056691644492368853e-01,6.372349886329617963e-01,6.261864083294876870e-01,4.574589163291309379e-01,1.696056003296621817e-01,1.135074581423435314e-01,3.124626656695362881e-01,6.092851336095451709e-01,6.772912881619136405e-01,7.099271832640424718e-01,1.954038241379182084e-01,4.123288972589280177e-01,4.620229800398609199e-01,6.995825420638416281e-01,7.078937860402420013e-01,7.109533918218031712e-01
6.203811918616227716e-01,6.794281100663150941e-01,6.792526985243116933e-01,1.000000000000000000e+00,7.462145776604930392e-01,6.701387168723786925e-01,7.468605368178306003e-01,7.441985314540808805e-01,6.392123725158456171e-01,4.610793409310565694e-01,6.585274561373271052e-01,5.427642363385619673e-01,5.844319533126629551e-01,5.932459722028747828e-01,6.833528667102939380e-01,4.026777170083353230e-01,5.660886544705919787e-01,5.881736965851910304e-01,6.190540792419394478e-01,6.091735930164884349e-01,5.088471964584797558e-01,6.716028482213670658e-01,6.525684132162041795e-01,6.301077335171437754e-01,6.372818237931209273e-01,6.234704802934623036e-01,6.039740077437003585e-01,6.149006245881657451e-01,6.442747190485428321e-01,6.901503335808552020e-01,6.333512308851569905e-01,5.560693693049963970e-01,6.728856362175392736e-01,7.112502779307644518e-01,6.891809958875316777e-01,6.613185410685692434e-01,7.497877173811058338e-01,5.299692703018601403e-01,7.222481612708753218e-01,5.828000500216579116e-01,6.644116554001433528e-01,6.541740521950035747e-01,6.015056957167971285e-01,6.664070300608034847e-01,5.893039142093652316e-01,6.186050455191614006e-01,6.030947840648686054e-01,4.869799179249760801e-01,1.775612978272519960e-01,1.316059903992108371e-01,3.244912549444317618e-01,6.001483907048700273e-01,5.930438485630141754e-01,6.589724720298872906e-01,1.964351468416895008e-01,4.215827030140414378e-01,5.005636136359603583e-01,6.534134638219655233e-01,6.256191773741337503e-01,6.261130810203431318e-01
6.791156266672880859e-01,7.394026776729392125e-01,6.898528332897660986e-01,7.462145776604930392e-01,1.000000000000000000e+00,7.161746801704811372e-01,7.324872318484196843e-01,7.098922141019049503e-01,7.004616992900790651e-01,5.008132290545981302e-01,7.341998240345896098e-01,5.833751928906457662e-01,6.779746740435105279e-01,6.957322560145514645e-01,7.227645599290466460e-01,4.530061971627835637e-01,6.326397915871848632e-01,6.558154403525855436e-01,6.798645275966131996e-01,6.625042491604040684e-01,5.845501501779397646e-01,7.353167992414895160e-01,7.020289799171673950e-01,6.870896580021773614e-01,7.218811104303768378e-01,7.112209465304512035e-01,6.943919441852127727e-01,6.931622296973817265e-01,7.386602573743810130e-01,7.501666397619199955e-01,6.924346488941919286e-01,6.312579935827052902e-01,6.796232412484355390e-01,6.959283864695074984e-01,7.526228778563608390e-01,7.374660556490681973e-01,6.719576596124299250e-01,6.091396599271158285e-01,7.493279097232619090e-01,6.617991963920514253e-01,7.374167491441672162e-01,7.245147407315365440e-01,6.703271785611961686e-01,7.462179319662368693e-01,6.624016069335644241e-01,6.783788453153731801e-01,6.845185881276852902e-01,5.640239298202336382e-01,1.671509470991747182e-01,1.293753378943025834e-01,3.302176919122791765e-01,6.982633494483906356e-01,6.471798186886795756e-01,7.010673600503248837e-01,1.795515303424279063e-01,4.286147086547183460e-01,5.185592146559544480e-01,7.504977395521447159e-01,7.184024919846132562e-01,7.245578863957548021e-01
6.576582456514441510e-01,7.429350356961983426e-01,6.827783432764324978e-01,6.701387168723786925e-01,7.161746801704811372e-01,1.000000000000000000e+00,7.100111502979571387e-01,7.379786397780183638e-01,6.915551421222401185e-01,4.885349314804016130e-01,7.685870282347665450e-01,6.235200408080819878e-01,7.487363465222784953e-01,7.444987840434150739e-01,7.185745685920682524e-01,3.517593104738037102e-01,5.937108553302329339e-01,6.052498392908409741e-01,6.083033376051486529e-01,6.018565806559155185e-01,7.750498982063770415e-01,7.587048735665778976e-01,7.376733678588363041e-01,7.048971163370248982e-01,6.246774590706134500e-01,7.261398861892951473e-01,6.843549058141168429e-01,7.614086181186779934e-01,7.359747777130603019e-01,7.185050795722676131e-01,5.778160209619475074e-01,6.204974850472073644e-01,6.025758003431379572e-01,6.243552570260259005e-01,7.077812268235789128e-01,7.785594517207280463e-01,6.257906391522909395e-01,5.855913659048527231e-01,7.318069168678410508e-01,6.331134464661066774e-01,7.107954897443389264e-01,7.160725841354715904e-01,7.600827401316748722e-01,7.492016133045139581e-01,7.749431092657805831e-01,5.905088482538517480e-01,5.986056269530347640e-01,4.375715197913416232e-01,1.336396394078241678e-01,9.524023289492117295e-02,2.744446736499714934e-01,6.157434076498414788e-01,7.302960227531725135e-01,6.774754675555422212e-01,1.533895417881137035e-01,3.483246453639476936e-01,4.028257471875941742e-01,7.550932603665881926e-01,7.832651326149141502e-01,7.569922461174708461e-01
7.206349479976570382e-01,7.555795619672019958e-01,7.323640036461941394e-01,7.468605368178306003e-01,7.324872318484196843e-01,7.100111502979571387e-01,1.000000000000000000e+00,8.038905618343977766e-01,7.115261277192392875e-01,4.912999893411902907e-01,7.474133467695001087e-01,5.913890517432595084e-01,6.981463017345226341e-01,6.867387196840130104e-01,7.569376353822599990e-01,4.099977362991807928e-01,6.334517899078965231e-01,6.488428880205489024e-01,6.747881119214549361e-01,6.687131533470556111e-01,6.431083726568589398e-01,7.692018942914328195e-01,7.459331503570816313e-01,7.045408324821260670e-01,6.918911133524436874e-01,7.228210287489452712e-01,6.920558743773763677e-01,7.173152676227717572e-01,7.292808742479721662e-01,7.631907172288950880e-01,6.648156474643973635e-01,6.321747889898368111e-01,7.060841904750760900e-01,7.395796637950518004e-01,7.617652200620658176e-01,7.583454143174775952e-01,7.515684763237657773e-01,6.231247305610779774e-01,7.822550089571259635e-01,6.461869067215836315e-01,7.360042036304699220e-01,7.208907364687521246e-01,7.039729960788624341e-01,7.635222208468301908e-01,7.101577278423940598e-01,6.622101608629070713e-01,6.518998978981936920e-01,5.033585710341595965e-01,1.637031031667814662e-01,1.191687717643512556e-01,3.255465247713580923e-01,6.729778747590298149e-01,7.061461017324420775e-01,7.411977484338190258e-01,1.855988021162804091e-01,4.319349610087797608e-01,4.859561554782347303e-01,7.287004000567853801e-01,7.296790907696981687e-01,7.280058917965770426e-01
7.059609232163848169e-01,7.647486297290615465e-01,7.389907145130855115e-01,7.441985314540808805e-01,7.098922141019049503e-01,7.379786397780183638e-01,8.038905618343977766e-01,1.000000000000000000e+00,6.763807538042175826e-01,5.221778506928741459e-01,7.366262875517469721e-01,6.371783673454270991e-01,7.019103972995547336e-01,6.854440751016074307e-01,7.869075896002566406e-01,4.206076522645657567e-01,5.757595150594887468e-01,6.364602846799548574e-01,6.433404054358069502e-01,6.148935195939263521e-01,6.787473623301867320e-01,7.894765125870250033e-01,7.569548853654439746e-01,7.102639392583767197e-01,6.307484451922394930e-01,6.902409770481569007e-01,6.650634955421204086e-01,7.122492265404486433e-01,7.025047078961412783e-01,7.124919559129783142e-01,6.097392476060947697e-01,6.164556975182925447e-01,6.714230696739128534e-01,7.311567640677122393e-01,7.268926323435450643e-01,7.361952734457017922e-01,7.944680986759052876e-01,5.698175457368938046e-01,8.018361352686328436e-01,6.341091630947641722e-01,7.245430283860553322e-01,7.069420356642537318e-01,7.244306759257853612e-01,7.305576025310320798e-01,7.192498199366527123e-01,6.059567605685143299e-01,6.023002229585298073e-01,4.893392010365845701e-01,2.268297459798883642e-01,1.442248757665656189e-01,3.327633699066279149e-01,6.351509914089187303e-01,7.369636499248664041e-01,7.549959907889967070e-01,1.934325327409230633e-01,3.986515781272217396e-01,4.534104446195505456e-01,7.133543580463519440e-01,7.305509632308897494e-01,7.256864139631212796e-01
6.639142354221230224e-01,7.414357241371174467e-01,6.697862198022459523e-01,6.392123725158456171e-01,7.004616992900790651e-01,6.915551421222401185e-01,7.115261277192392875e-01,6.763807538042175826e-01,1.000000000000000000e+00,4.975699051489775315e-01,7.670758646138907677e-01,6.043601133257285873e-01,7.402377195756240091e-01,7.405679267792942833e-01,7.333937799079315312e-01,4.306987761620875710e-01,6.760091716718641397e-01,6.435302399338069801e-01,6.624809554425361569e-01,6.406885746161102846e-01,6.415394879127247485e-01,7.672808072625866282e-01,7.503742151229698676e-01,7.420435194563997916e-01,7.704823840135840429e-01,7.730116396444000060e-01,7.326387692876611402e-01,7.604763089458184133e-01,7.984229189691849360e-01,7.895095839199773868e-01,6.412217553220140864e-01,6.818827186863952727e-01,6.267612905771507981e-01,6.716665751588922761e-01,7.397288158088602961e-01,7.730932325286191675e-01,6.136459014940890411e-01,6.205460657689204629e-01,7.245621525219408943e-01,6.951811175472345505e-01,7.444752144419012341e-01,7.339044514898477312e-01,7.368727199949265394e-01,8.102020547330724964e-01,6.975935726443099894e-01,6.462716664273088218e-01,6.374320910696550380e-01,5.560759708413625102e-01,1.910310448892410529e-01,1.330400735780911392e-01,3.321321920356793411e-01,6.716713995181075036e-01,7.390568397029652070e-01,6.894550620539480201e-01,1.888280434843047084e-01,4.985226791567032856e-01,5.701463023176369660e-01,7.819632535785897565e-01,7.784614617604992404e-01,7.698821165401861233e-01
4.587073805509153113e-01,5.106652369122668400e-01,4.860614540083871837e-01,4.610793409310565694e-01,5.008132290545981302e-01,4.885349314804016130e-01,4.912999893411902907e-01,5.221778506928741459e-01,4.975699051489775315e-01,1.000000000000000000e+00,6.525136557184579855e-01,7.621025193257289221e-01,5.754284845552011252e-01,5.923971511099200837e-01,5.449837632829416245e-01,2.992261437194870810e-01,4.254781228000054094e-01,5.010930723008771848e-01,4.914139436106558789e-01,4.651709969196786698e-01,5.040109365583825829e-01,5.472042873115117168e-01,5.468268536229152765e-01,5.524619858289199215e-01,5.298719744589381886e-01,5.889678321647811021e-01,5.827590792503477557e-01,5.254154408300925061e-01,5.742254154972410429e-01,5.282213383593802325e-01,4.330624591692456282e-01,4.946243172227499652e-01,4.535866894306238573e-01,4.388199954301704175e-01,5.345939697955793823e-01,5.576130960162014594e-01,3.792696360678300960e-01,4.249531100667747752e-01,4.932337214649991641e-01,5.780891730189093858e-01,6.357794259833595696e-01,6.834377942866443068e-01,5.216210119845643423e-01,5.302248771858311116e-01,5.561159804076787339e-01,4.297775655648946036e-01,4.526552624789450530e-01,3.554912090110796674e-01,2.333459327889695623e-01,2.210833882276888873e-01,3.539642818400300373e-01,4.182502439784945847e-01,5.246323200326830083e-01,5.026486948575525915e-01,6.165939009527177106e-01,5.434846961964920897e-01,5.980129637801593345e-01,6.288135954569952224e-01,5.577299532539972127e-01,5.737444150552593047e-01
6.979121559769934091e-01,7.795220784759985255e-01,7.177495463835376066e-01,6.585274561373271052e-01,7.341998240345896098e-01,7.685870282347665450e-01,7.474133467695001087e-01,7.366262875517469721e-01,7.670758646138907677e-01,6.525136557184579855e-01,1.000000000000000000e+00,7.360693457025869746e-01,8.420407379549309512e-01,8.161042869377851394e-01,7.950052348625260557e-01,4.229332605045570959e-01,6.724973703762392452e-01,7.091477328016821957e-01,7.002051873491689227e-01,6.855809000752089988e-01,7.823492330597846545e-01,8.268371364732438611e-01,8.155734415683719707e-01,7.738706379647024569e-01,7.691703709351676022e-01,8.201482656692449247e-01,8.148709297151702780e-01,8.240866963447525118e-01,8.461137806739095213e-01,8.089758954079976361e-01,6.589929036312218713e-01,7.076706504025068734e-01,6.641722519921654522e-01,6.620847916173109304e-01,8.043055778975938264e-01,8.582406197478819054e-01,6.199882770754771011e-01,6.486729629660747953e-01,7.622496354865304635e-01,7.676937362836342427e-01,8.338161036207872856e-01,8.250513322691040985e-01,8.017040504219142827e-01,8.315953474235350251e-01,8.494923221396513124e-01,6.535277287602346830e-01,6.699424158135588447e-01,5.249586088228800351e-01,1.830163125521382106e-01,1.379307332438924338e-01,3.517648639073738259e-01,6.564466990284495429e-01,7.894927314294405418e-01,7.332792202288236361e-01,2.915075021043198045e-01,5.085041358287619717e-01,5.687333825370458618e-01,8.664802908168794948e-01,8.641143360945798824e-01,8.488619235930688900e-01
5.692829003735286886e-01,6.316759794679885909e-01,5.771539657359598952e-01,5.427642363385619673e-01,5.833751928906457662e-01,6.235200408080819878e-01,5.913890517432595084e-01,6.371783673454270991e-01,6.043601133257285873e-01,7.621025193257289221e-01,7.360693457025869746e-01,1.000000000000000000e+00,6.663704847086558969e-01,7.121291551337671777e-01,6.443756328778280640e-01,3.291509422239269900e-01,5.154988028616238616e-01,5.569068619883342786e-01,5.510667231302734947e-01,5.444584475848311955e-01,6.455401468112667018e-01,6.723811232276533101e-01,6.387707291806906662e-01,6.361958429365310863e-01,6.010444124112886977e-01,6.838708657035638128e-01,6.529653221832627530e-01,6.516556403036841694e-01,6.749690594537451904e-01,6.232792249265184381e-01,5.163391984688531222e-01,5.662382513252899319e-01,5.296165712041608353e-01,5.387271955157835190e-01,6.367815191193312296e-01,6.742749350911373396e-01,4.841057794749931698e-01,5.230835097050096083e-01,6.101863978292079160e-01,6.668721803965782513e-01,7.091667772505982903e-01,7.506899463957361629e-01,6.458331398601887541e-01,6.519294717803112427e-01,6.729817254558270179e-01,5.217346815925121284e-01,5.309416052188595803e-01,4.011377640561191171e-01,2.894443336391138710e-01,2.928302435073654175e-01,4.242769959118521395e-01,5.362297363552580576e-01,6.412342208662654697e-01,5.978973554204624064e-01,4.248075797943974830e-01,5.307789318823762370e-01,5.870504216297879330e-01,7.236230373886631817e-01,6.906018992857542171e-01,6.780896355699513878e-01
6.616298213117125515e-01,7.333779464151185534e-01,7.008150333364999707e-01,5.844319533126629551e-01,6.779746740435105279e-01,7.487363465222784953e-01,6.981463017345226341e-01,7.019103972995547336e-01,7.402377195756240091e-01,5.754284845552011252e-01,8.420407379549309512e-01,6.663704847086558969e-01,1.000000000000000000e+00,8.245592531997948393e-01,7.900310139944211052e-01,3.586770367507088331e-01,6.357535699650246341e-01,6.625733045880979333e-01,6.477268939757883093e-01,6.497669665602044953e-01,7.881852067480141777e-01,8.004797016823947953e-01,8.007356505008116354e-01,7.725392665903128009e-01,7.370002960963113470e-01,7.898218042721701915e-01,7.920804611898897285e-01,8.389142570516260333e-01,8.449766687777822138e-01,7.828868826339845377e-01,5.945196435816104685e-01,7.079298551200307044e-01,5.932457210180481777e-01,6.077648364873295961e-01,7.500898921916878681e-01,8.418618795820773659e-01,5.855339726937288658e-01,6.205431508320795597e-01,7.311889085856539960e-01,7.303493089929420368e-01,7.986733287907389345e-01,7.774883807068549979e-01,8.231289483606561985e-01,8.063299218774456767e-01,8.331368725507248829e-01,5.755566432906563668e-01,6.023946669560953371e-01,4.528901511968381755e-01,1.448831920063705092e-01,1.027799240344443449e-01,3.059091132202316210e-01,6.051664485810259730e-01,7.742931941811768137e-01,6.903744931242102867e-01,2.204065596413282146e-01,4.122651080652617872e-01,4.826573641626904498e-01,8.427150142450474668e-01,8.576029211000743002e-01,8.720656563428194064e-01
6.597586530651986525e-01,7.670783053472637336e-01,6.760407859875026126e-01,5.932459722028747828e-01,6.957322560145514645e-01,7.444987840434150739e-01,6.867387196840130104e-01,6.854440751016074307e-01,7.405679267792942833e-01,5.923971511099200837e-01,8.161042869377851394e-01,7.121291551337671777e-01,8.245592531997948393e-01,1.000000000000000000e+00,7.633800293032994011e-01,3.703315773371040343e-01,6.392880567246184143e-01,6.318256635349738248e-01,6.290902755949017156e-01,6.332706103053935554e-01,7.677014402546040728e-01,7.921568317073677257e-01,7.627913918082337430e-01,7.304091572165650748e-01,7.262351895097964860e-01,8.115190791489227395e-01,7.733713949905292040e-01,8.111611838161163490e-01,8.121488759943304991e-01,7.752583644095468740e-01,6.077386517651776066e-01,6.941746228202141378e-01,5.796377542746160572e-01,6.164857247037333066e-01,7.210997162549850348e-01,8.081837945979249982e-01,5.744996696026778427e-01,6.271560111249668834e-01,7.280816445406929072e-01,7.430754205279660463e-01,7.864772439853767727e-01,7.821946845340062016e-01,7.763793331749228033e-01,8.244971762308972441e-01,7.882624862483902373e-01,6.068458076771106047e-01,6.286609877980099403e-01,4.737337652959377476e-01,2.890776580681117536e-01,3.036218311945225179e-01,4.420310442089575020e-01,6.475986577252281773e-01,7.653317425739072366e-01,6.874881395741411216e-01,2.157379948107226164e-01,4.550930040671458121e-01,5.084968062541406209e-01,8.640690547123633936e-01,8.218140375075361215e-01,8.315649383953866991e-01
6.955873500774877316e-01,8.042936996936155269e-01,7.309456925321614618e-01,6.833528667102939380e-01,7.227645599290466460e-01,7.185745685920682524e-01,7.569376353822599990e-01,7.869075896002566406e-01,7.333937799079315312e-01,5.449837632829416245e-01,7.950052348625260557e-01,6.443756328778280640e-01,7.900310139944211052e-01,7.633800293032994011e-01,1.000000000000000000e+00,4.812882654854993003e-01,6.459798497000236450e-01,7.204728707235199536e-01,7.133328206446697406e-01,6.831278824074713540e-01,6.994821686653481807e-01,8.306857551073261181e-01,7.632053545098208547e-01,7.315423939545518950e-01,7.200712876869074242e-01,7.446139900230812625e-01,7.402304587865456975e-01,7.875444491345455766e-01,7.759905867915652955e-01,7.738533831406750885e-01,6.572749282670629078e-01,7.001111327183893174e-01,7.020271455744535594e-01,7.080790988367582361e-01,7.861163871419233340e-01,7.965769535972139215e-01,6.742353556222584476e-01,6.188728086912467230e-01,7.795574492868684313e-01,7.020320506756053680e-01,7.949398466448899248e-01,7.613686482440396031e-01,7.384862113784604887e-01,7.969878062725732626e-01,7.643341931553412349e-01,6.685785330520364056e-01,6.651718582646122258e-01,5.600427446535246601e-01,2.525647258259975936e-01,1.717740803059241150e-01,3.787710182179443441e-01,6.520297670960832903e-01,7.612035556702969608e-01,7.706880928217338944e-01,1.912444832039331133e-01,4.286386971472619933e-01,5.042782075411048615e-01,7.874802628852181074e-01,7.756738338231264906e-01,8.044171474501083940e-01
4.083273131159131930e-01,4.430873063398870215e-01,3.983545903871164584e-01,4.026777170083353230e-01,4.530061971627835637e-01,3.517593104738037102e-01,4.099977362991807928e-01,4.206076522645657567e-01,4.306987761620875710e-01,2.992261437194870810e-01,4.229332605045570959e-01,3.291509422239269900e-01,3.586770367507088331e-01,3.703315773371040343e-01,4.812882654854993003e-01,1.000000000000000000e+00,4.135299447192046784e-01,5.232738808655720275e-01,4.866982313449818021e-01,4.034007365696824499e-01,2.854662890146332233e-01,4.799697398383587221e-01,4.044281922334792001e-01,3.911916549431262990e-01,4.609234013646992256e-01,4.132396888675020641e-01,4.007427531410787114e-01,3.811839328634357704e-01,4.145277613490647717e-01,4.389945576561415930e-01,4.259130250405579465e-01,4.148135406167346995e-01,4.463624956755794515e-01,4.515122366711622481e-01,4.619020023701490008e-01,4.145920559410586348e-01,3.466555405210123286e-01,3.728797941646707637e-01,4.357138944635977618e-01,3.878953554952877525e-01,4.533626960887002233e-01,4.154851591967130831e-01,3.660627413479495829e-01,4.408904949579024457e-01,3.462463297030990428e-01,4.475713686428128835e-01,4.439863591564605083e-01,4.713520208763636865e-01,2.235127246642905074e-01,1.289431336648874937e-01,2.591200349631616606e-01,4.288576092243122639e-01,4.164706178321171404e-01,4.811475511874193645e-01,9.863806000061954571e-02,2.941745029123064570e-01,3.503920459485344585e-01,4.148555514537262678e-01,3.954932872199060090e-01,3.953273353529193068e-01
5.980425493325237651e-01,6.661001811730258293e-01,6.199786793611533620e-01,5.660886544705919787e-01,6.326397915871848632e-01,5.937108553302329339e-01,6.334517899078965231e-01,5.757595150594887468e-01,6.760091716718641397e-01,4.254781228000054094e-01,6.724973703762392452e-01,5.154988028616238616e-01,6.357535699650246341e-01,6.392880567246184143e-01,6.459798497000236450e-01,4.135299447192046784e-01,1.000000000000000000e+00,6.142597313460341768e-01,5.943830242483045811e-01,5.807988049805330455e-01,5.477828107801709923e-01,6.647557380547940431e-01,6.506405789328562062e-01,6.409264679494817152e-01,6.917477087717850415e-01,6.848638678662424262e-01,6.515884210110710617e-01,6.569304064910135299e-01,6.984056198948269678e-01,7.031325948569929762e-01,5.957014045517888823e-01,6.094394602091938173e-01,5.672506980358270612e-01,6.018182217637025877e-01,6.597922495054844294e-01,6.789085766171040204e-01,5.415135765520279199e-01,5.594925962890607840e-01,6.455210545219138840e-01,6.070458064975011725e-01,6.577536420334638700e-01,6.413789223384871452e-01,6.689407831924711889e-01,7.123434350779545010e-01,6.143625742697012004e-01,6.015472654463063229e-01,5.919467284558869169e-01,4.988443004569445560e-01,1.775737988540899426e-01,1.243107017814007453e-01,3.065800427596280797e-01,6.051236275381387530e-01,6.353831337522903855e-01,6.083866509152753288e-01,1.601565528748865874e-01,4.312809910234791100e-01,5.124869718512463646e-01,6.864612671156882229e-01,6.779698954300871216e-01,6.680405605621972942e-01
6.112803706093480338e-01,6.480571385233486748e-01,6.492021948334693038e-01,5.881736965851910304e-01,6.558154403525855436e-01,6.052498392908409741e-01,6.488428880205489024e-01,6.364602846799548574e-01,6.435302399338069801e-01,5.010930723008771848e-01,7.091477328016821957e-01,5.569068619883342786e-01,6.625733045880979333e-01,6.318256635349738248e-01,7.204728707235199536e-01,5.232738808655720275e-01,6.142597313460341768e-01,1.000000000000000000e+00,7.219558759119802938e-01,6.599758509883879576e-01,5.908727359220005138e-01,7.202017085427087073e-01,6.541828994767604488e-01,6.127959185596135727e-01,6.523911101005062108e-01,6.401348823670078847e-01,6.549246353723799929e-01,6.408369592916307589e-01,6.640236663831272645e-01,6.707956840260064224e-01,5.906486265087338428e-01,6.113402434887068582e-01,6.464280470766022857e-01,6.247513155377207861e-01,7.144856564241700569e-01,7.001610273294147646e-01,5.227480457867764718e-01,5.455468218794004009e-01,6.574545563353317856e-01,6.108985749230204654e-01,7.109111746848443270e-01,6.638040621126178875e-01,6.407457373646493481e-01,6.758744940911205479e-01,6.570483271358387167e-01,6.191312203455061614e-01,6.452985792718409774e-01,5.679144537171427753e-01,2.178140299069563635e-01,1.401028430203766495e-01,3.490292208308794497e-01,5.777738923300705931e-01,6.461460765480959711e-01,7.031609530810015718e-01,1.908665681631348532e-01,4.038549781187568688e-01,4.432423969222802906e-01,6.737911199017060371e-01,6.700215801703660601e-01,6.692366433841979712e-01
6.230948010102050905e-01,6.529547970008454660e-01,6.486339785585339968e-01,6.190540792419394478e-01,6.798645275966131996e-01,6.083033376051486529e-01,6.747881119214549361e-01,6.433404054358069502e-01,6.624809554425361569e-01,4.914139436106558789e-01,7.002051873491689227e-01,5.510667231302734947e-01,6.477268939757883093e-01,6.290902755949017156e-01,7.133328206446697406e-01,4.866982313449818021e-01,5.943830242483045811e-01,7.219558759119802938e-01,1.000000000000000000e+00,8.866433291051306620e-01,6.492044308367008743e-01,7.091539378862543597e-01,6.749610407981552207e-01,6.408234630282108046e-01,6.707029583266995720e-01,6.360378987522810057e-01,6.509573659028528025e-01,6.468812959084195846e-01,6.631358809353364858e-01,6.911647549117567735e-01,6.080760223247619889e-01,5.878623984642704636e-01,6.817693129784246908e-01,6.529828504537944500e-01,7.335849368289991679e-01,7.017277872444269704e-01,5.554603815643691656e-01,5.517645646981201857e-01,6.665982456220392871e-01,6.195840006436253988e-01,7.409564673224264819e-01,6.720148221636620400e-01,6.105120580705560851e-01,6.883741029492852492e-01,6.574007166546388392e-01,6.369102527368833977e-01,6.563387537290017448e-01,5.497189050009241296e-01,2.186394655544303955e-01,1.365684906028629131e-01,3.701213344840925679e-01,5.866503120416749484e-01,6.153162582458751029e-01,6.954422075328849928e-01,1.905950021822039597e-01,4.206165846934121211e-01,4.582163460727891047e-01,6.799949908090218154e-01,6.738185836911235738e-01,6.750987065768889739e-01
6.131259025462070245e-01,6.397015840971941314e-01,6.426668522747616130e-01,6.091735930164884349e-01,6.625042491604040684e-01,6.018565806559155185e-01,6.687131533470556111e-01,6.148935195939263521e-01,6.406885746161102846e-01,4.651709969196786698e-01,6.855809000752089988e-01,5.444584475848311955e-01,6.497669665602044953e-01,6.332706103053935554e-01,6.831278824074713540e-01,4.034007365696824499e-01,5.807988049805330455e-01,6.599758509883879576e-01,8.866433291051306620e-01,1.000000000000000000e+00,6.685402186713516048e-01,6.782698561908754309e-01,6.441372696995919522e-01,6.187659807327273720e-01,6.390086277106264978e-01,6.282653323473834650e-01,6.354243038062846738e-01,6.404488893113066128e-01,6.520053560826619687e-01,6.853929812489378826e-01,6.003943249168105512e-01,5.713487594015110860e-01,6.500011454367827790e-01,6.319149046114802548e-01,7.211103427077913963e-01,6.932670819113833094e-01,5.469985624848074934e-01,5.308959274899188729e-01,6.516093039493873196e-01,6.030972950882669270e-01,7.205712346475998675e-01,6.616696691044693379e-01,6.002695604145917851e-01,6.787083267738398540e-01,6.647040674768379676e-01,6.122897501091099093e-01,6.432823091717203567e-01,4.692704064125913788e-01,1.451297015774726806e-01,1.031272511600995617e-01,3.318831775107686233e-01,5.681680870308243314e-01,5.838870901873277619e-01,6.529584831598871375e-01,1.931242482401914484e-01,3.924164523215629141e-01,4.252139810625127914e-01,6.722610191926543521e-01,6.599549968762157270e-01,6.799241913062705756e-01
6.057375468827549403e-01,7.054382521931954475e-01,6.458607361513174494e-01,5.088471964584797558e-01,5.845501501779397646e-01,7.750498982063770415e-01,6.431083726568589398e-01,6.787473623301867320e-01,6.415394879127247485e-01,5.040109365583825829e-01,7.823492330597846545e-01,6.455401468112667018e-01,7.881852067480141777e-01,7.677014402546040728e-01,6.994821686653481807e-01,2.854662890146332233e-01,5.477828107801709923e-01,5.908727359220005138e-01,6.492044308367008743e-01,6.685402186713516048e-01,1.000000000000000000e+00,7.428571475445497896e-01,7.207536873862163684e-01,6.682082052775968339e-01,5.293514692684982981e-01,7.211720578861814390e-01,6.710668994296499212e-01,7.751681435385276986e-01,7.105253985968090769e-01,6.821312203954690290e-01,4.983987561678934752e-01,6.147418014314175450e-01,5.323873026285036447e-01,5.216103178163497001e-01,6.742985454041990900e-01,7.870181876480155658e-01,5.040492947673044233e-01,5.590250632751458948e-01,6.663107596927385634e-01,5.964277792049387239e-01,6.933858622538258132e-01,6.861403238178934716e-01,7.641035435505822981e-01,7.219924864430771194e-01,8.434134645249886653e-01,5.240576125255189677e-01,5.690885627178098316e-01,3.406489661527123958e-01,1.256369163951744083e-01,8.927593518924953342e-02,2.626274698898636295e-01,5.381248852131041982e-01,7.507256119500193003e-01,6.480390213493880669e-01,1.587456710822104100e-01,3.117910311502863352e-01,3.060367319164590261e-01,7.411141170099345699e-01,7.925406593693117285e-01,7.744523645536686152e-01
7.455996289931769994e-01,8.190602708481641292e-01,7.290201825694597737e-01,6.716028482213670658e-01,7.353167992414895160e-01,7.587048735665778976e-01,7.692018942914328195e-01,7.894765125870250033e-01,7.672808072625866282e-01,5.472042873115117168e-01,8.268371364732438611e-01,6.723811232276533101e-01,8.004797016823947953e-01,7.921568317073677257e-01,8.306857551073261181e-01,4.799697398383587221e-01,6.647557380547940431e-01,7.202017085427087073e-01,7.091539378862543597e-01,6.782698561908754309e-01,7.428571475445497896e-01,1.000000000000000000e+00,7.893678300083368793e-01,7.474445514626055775e-01,7.385545069339136681e-01,7.956618680200493454e-01,7.558381408977632443e-01,8.021818038075153590e-01,7.970943642335984736e-01,7.878610030624121352e-01,6.707598279247676265e-01,7.156167850055403790e-01,6.940664631713518995e-01,7.146055351274709366e-01,8.045541998682579354e-01,8.195745001767216209e-01,6.616302922084024152e-01,6.626086246511216915e-01,7.928371156605411585e-01,7.127323431660832487e-01,7.942959543481842299e-01,7.816471003814907670e-01,7.810518162786690421e-01,8.323454194287118746e-01,7.902603225282831545e-01,6.779004729795864437e-01,6.804623489464982633e-01,5.689988652290344229e-01,2.509414352102539714e-01,1.600268860647683367e-01,3.668099591889272815e-01,7.119326000663207532e-01,8.050045448207122645e-01,7.868619562557461755e-01,1.903698410431165500e-01,4.667473804341207844e-01,5.140110510797477605e-01,8.101341020413769245e-01,8.150775562530356844e-01,8.135133886559063887e-01
6.792003824662186107e-01,7.497125094247437671e-01,7.111010745548627110e-01,6.525684132162041795e-01,7.020289799171673950e-01,7.376733678588363041e-01,7.459331503570816313e-01,7.569548853654439746e-01,7.503742151229698676e-01,5.468268536229152765e-01,8.155734415683719707e-01,6.387707291806906662e-01,8.007356505008116354e-01,7.627913918082337430e-01,7.632053545098208547e-01,4.044281922334792001e-01,6.506405789328562062e-01,6.541828994767604488e-01,6.749610407981552207e-01,6.441372696995919522e-01,7.207536873862163684e-01,7.893678300083368793e-01,1.000000000000000000e+00,8.019484491352689703e-01,7.524483072710621556e-01,7.867280361116946175e-01,7.836106075245610203e-01,8.259581882823028298e-01,8.317582739500025690e-01,8.026019989343876615e-01,6.405521315574416175e-01,7.071823225433943039e-01,6.128161883614269279e-01,6.745751431059773262e-01,7.347871260165823593e-01,8.165118220188607445e-01,6.778775455261932814e-01,6.371656111158573443e-01,7.765236648456276258e-01,7.251405973273353789e-01,7.698984052649440191e-01,7.444559666668866260e-01,7.756452442345447285e-01,8.019818337921230667e-01,7.785457648273335085e-01,6.241510698305560156e-01,6.373381567461811059e-01,5.397042506908983350e-01,1.809639737529644410e-01,1.276547270895732056e-01,3.080627597331852541e-01,6.497263974972107281e-01,7.665654760471164453e-01,7.214228733825780449e-01,2.242897486922576789e-01,5.114412161867206708e-01,5.492039800453214493e-01,8.090162529635871458e-01,8.457474413607419805e-01,8.337957009812957399e-01
6.393508022779113009e-01,7.086420358949819809e-01,6.814585615741022284e-01,6.301077335171437754e-01,6.870896580021773614e-01,7.048971163370248982e-01,7.045408324821260670e-01,7.102639392583767197e-01,7.420435194563997916e-01,5.524619858289199215e-01,7.738706379647024569e-01,6.361958429365310863e-01,7.725392665903128009e-01,7.304091572165650748e-01,7.315423939545518950e-01,3.911916549431262990e-01,6.409264679494817152e-01,6.127959185596135727e-01,6.408234630282108046e-01,6.187659807327273720e-01,6.682082052775968339e-01,7.474445514626055775e-01,8.019484491352689703e-01,1.000000000000000000e+00,7.527842226922102364e-01,7.675473721955401452e-01,7.484048376284813120e-01,8.044599067815101368e-01,8.187070417491985053e-01,7.883500134063177178e-01,5.991321170056641554e-01,6.581059827704243137e-01,6.000112129151434770e-01,6.306915191759209227e-01,7.132648521393920582e-01,7.904477796209514739e-01,6.357949934176240214e-01,6.004941009540937236e-01,7.225873447388712068e-01,7.176452308468729280e-01,7.639089217987167224e-01,7.559289460184543952e-01,7.659296726825896018e-01,7.840765832971120508e-01,7.214977464917098349e-01,5.882432846182142905e-01,6.027637811151030922e-01,5.124498274842894663e-01,1.528473662963439061e-01,1.047091187041534199e-01,2.997403404081642186e-01,6.103768627447165862e-01,7.189260428937809255e-01,6.476592609236307974e-01,2.297446587006783669e-01,4.855532716147685779e-01,5.711157232272885409e-01,7.942340490539099296e-01,8.135861508423810617e-01,8.166954148176702732e-01
6.468929872700596162e-01,6.872441168048286642e-01,6.271253020352086649e-01,6.372818237931209273e-01,7.218811104303768378e-01,6.246774590706134500e-01,6.918911133524436874e-01,6.307484451922394930e-01,7.704823840135840429e-01,5.298719744589381886e-01,7.691703709351676022e-01,6.010444124112886977e-01,7.370002960963113470e-01,7.262351895097964860e-01,7.200712876869074242e-01,4.609234013646992256e-01,6.917477087717850415e-01,6.523911101005062108e-01,6.707029583266995720e-01,6.390086277106264978e-01,5.293514692684982981e-01,7.385545069339136681e-01,7.524483072710621556e-01,7.527842226922102364e-01,1.000000000000000000e+00,7.704114723184066760e-01,7.849955520336595605e-01,7.392770819320623188e-01,8.265070109636130091e-01,8.069198681461471345e-01,6.505134269229577715e-01,6.638430876212020326e-01,6.125097882850296660e-01,6.612777876823493495e-01,7.327396442766189733e-01,7.683444960025059833e-01,5.872582534494866779e-01,5.934393263756627679e-01,6.923488630549486933e-01,7.450327306701033381e-01,7.840779839712188615e-01,7.575162517138632756e-01,7.315126857296051499e-01,8.166517950568733530e-01,6.528722018296697627e-01,6.304114481680063165e-01,6.216318393102148177e-01,5.937720205856522604e-01,1.742013688923600701e-01,1.324278543635762917e-01,3.390301511616473085e-01,6.400632929206961919e-01,6.724214974581238513e-01,6.303672226037372317e-01,2.237061633726197263e-01,5.005368690726338388e-01,6.496085451039418368e-01,8.261313116473666396e-01,7.747106262943836974e-01,7.736889864631600888e-01
6.702222500868024735e-01,7.926987304510196841e-01,6.847043068336153837e-01,6.234704802934623036e-01,7.112209465304512035e-01,7.261398861892951473e-01,7.228210287489452712e-01,6.902409770481569007e-01,7.730116396444000060e-01,5.889678321647811021e-01,8.201482656692449247e-01,6.838708657035638128e-01,7.898218042721701915e-01,8.115190791489227395e-01,7.446139900230812625e-01,4.132396888675020641e-01,6.848638678662424262e-01,6.401348823670078847e-01,6.360378987522810057e-01,6.282653323473834650e-01,7.211720578861814390e-01,7.956618680200493454e-01,7.867280361116946175e-01,7.675473721955401452e-01,7.704114723184066760e-01,1.000000000000000000e+00,7.866127740127600854e-01,7.977327723727435371e-01,8.360189630584808906e-01,8.154040456881678223e-01,6.734120054320685833e-01,7.283533817098722940e-01,6.207393158452177984e-01,6.736066858023518344e-01,7.528874888300417512e-01,8.213413844648890239e-01,5.972420286423792968e-01,6.842392615693365654e-01,7.504009294737918889e-01,7.488789032076696994e-01,7.903282596223980550e-01,8.067024395234232426e-01,7.772850295452096159e-01,8.339018258408716910e-01,7.664536201223990375e-01,6.682300484386959338e-01,6.653176340646959064e-01,5.244668537187787694e-01,2.216868585267820768e-01,1.817327653086747152e-01,3.659270103929299078e-01,6.990239512033585845e-01,7.974744290207155251e-01,7.086069999597514046e-01,2.911819612538872892e-01,5.026346626097604187e-01,5.654649072930361120e-01,8.504590514659711165e-01,8.475002176934015585e-01,8.226010070213326530e-01
6.534646395974508248e-01,7.180362676997188442e-01,6.703825035073536220e-01,6.039740077437003585e-01,6.943919441852127727e-01,6.843549058141168429e-01,6.920558743773763677e-01,6.650634955421204086e-01,7.326387692876611402e-01,5.827590792503477557e-01,8.148709297151702780e-01,6.529653221832627530e-01,7.920804611898897285e-01,7.733713949905292040e-01,7.402304587865456975e-01,4.007427531410787114e-01,6.515884210110710617e-01,6.549246353723799929e-01,6.509573659028528025e-01,6.354243038062846738e-01,6.710668994296499212e-01,7.558381408977632443e-01,7.836106075245610203e-01,7.484048376284813120e-01,7.849955520336595605e-01,7.866127740127600854e-01,1.000000000000000000e+00,7.563193834975173724e-01,8.153805901068951201e-01,7.692896967158666666e-01,6.445835256907334054e-01,6.847776703760888317e-01,6.160223974481942033e-01,6.488782576625308218e-01,7.513585201721667550e-01,7.960470352881486855e-01,5.761527033093444272e-01,6.358313969022123535e-01,7.182641384166896792e-01,7.697429513268374546e-01,8.102142186708445326e-01,7.900318073834933230e-01,7.462942164210063511e-01,7.906192620918799374e-01,7.653152180018880646e-01,6.490128221544487763e-01,6.428556003214643821e-01,5.133397542994146967e-01,2.090518949362897005e-01,1.901329223158422788e-01,3.578261629724894810e-01,6.266416530895320136e-01,7.308903963341215615e-01,6.947705078010747437e-01,2.688004390901004292e-01,4.868081193230706094e-01,5.697315848702594332e-01,8.332651658023422225e-01,8.182201355260296793e-01,8.044764388031949709e-01
6.601885935766993452e-01,7.716261578661260945e-01,6.894029309910103542e-01,6.149006245881657451e-01,6.931622296973817265e-01,7.614086181186779934e-01,7.173152676227717572e-01,7.122492265404486433e-01,7.604763089458184133e-01,5.254154408300925061e-01,8.240866963447525118e-01,6.516556403036841694e-01,8.389142570516260333e-01,8.111611838161163490e-01,7.875444491345455766e-01,3.811839328634357704e-01,6.569304064910135299e-01,6.408369592916307589e-01,6.468812959084195846e-01,6.404488893113066128e-01,7.751681435385276986e-01,8.021818038075153590e-01,8.259581882823028298e-01,8.044599067815101368e-01,7.392770819320623188e-01,7.977327723727435371e-01,7.563193834975173724e-01,1.000000000000000000e+00,8.589760860544746190e-01,8.254494218644675696e-01,6.193851447439582270e-01,7.234605334864305792e-01,6.062793418501787324e-01,6.266056471623407953e-01,7.452494569232120947e-01,8.494766069038603984e-01,6.154760680654469684e-01,6.452481086677532840e-01,7.578656462825749118e-01,7.031352596621842643e-01,7.696495918120408453e-01,7.630188610343175970e-01,8.017787020848022861e-01,8.330086182795954919e-01,8.038949904871279806e-01,6.167464447456250110e-01,6.310417056903837585e-01,5.164542177756018537e-01,1.492105022974299089e-01,1.058370017408652580e-01,2.988023835889970226e-01,6.334785747272213552e-01,7.762749024608910364e-01,6.849758804988516081e-01,1.775402018302063289e-01,4.260631389371966060e-01,5.030124131172568624e-01,8.316887371068966139e-01,8.505623515005671376e-01,8.811245399966141090e-01
6.843734538218561037e-01,7.652139913241973179e-01,6.954349653340525794e-01,6.442747190485428321e-01,7.386602573743810130e-01,7.359747777130603019e-01,7.292808742479721662e-01,7.025047078961412783e-01,7.984229189691849360e-01,5.742254154972410429e-01,8.461137806739095213e-01,6.749690594537451904e-01,8.449766687777822138e-01,8.121488759943304991e-01,7.759905867915652955e-01,4.145277613490647717e-01,6.984056198948269678e-01,6.640236663831272645e-01,6.631358809353364858e-01,6.520053560826619687e-01,7.105253985968090769e-01,7.970943642335984736e-01,8.317582739500025690e-01,8.187070417491985053e-01,8.265070109636130091e-01,8.360189630584808906e-01,8.153805901068951201e-01,8.589760860544746190e-01,1.000000000000000000e+00,8.502640455960598365e-01,6.684974473285145713e-01,7.400608707870011127e-01,6.251177468870949827e-01,6.580312166064701263e-01,7.747573183354536930e-01,8.510526568731480168e-01,6.213941829192697330e-01,6.535692791808895841e-01,7.650259562854587747e-01,7.691610498861580769e-01,8.168538188537283196e-01,8.031743579594161631e-01,8.014524020876238053e-01,8.627794723961251799e-01,7.918107514218746257e-01,6.447329330820479321e-01,6.596990791689093525e-01,5.519069034862543743e-01,1.575380125901043871e-01,1.119444332555868116e-01,3.122191577376143834e-01,6.700559399801098159e-01,7.772890413728354986e-01,6.931250573093575840e-01,2.279118003142525939e-01,4.971507364626532310e-01,5.984978742526301243e-01,8.823360033775738964e-01,8.876534714514077162e-01,8.709706227957477731e-01
6.844114770074642973e-01,7.764518112122829052e-01,7.049971522870241980e-01,6.901503335808552020e-01,7.501666397619199955e-01,7.185050795722676131e-01,7.631907172288950880e-01,7.124919559129783142e-01,7.895095839199773868e-01,5.282213383593802325e-01,8.089758954079976361e-01,6.232792249265184381e-01,7.828868826339845377e-01,7.752583644095468740e-01,7.738533831406750885e-01,4.389945576561415930e-01,7.031325948569929762e-01,6.707956840260064224e-01,6.911647549117567735e-01,6.853929812489378826e-01,6.821312203954690290e-01,7.878610030624121352e-01,8.026019989343876615e-01,7.883500134063177178e-01,8.069198681461471345e-01,8.154040456881678223e-01,7.692896967158666666e-01,8.254494218644675696e-01,8.502640455960598365e-01,1.000000000000000000e+00,6.815933531878669571e-01,7.451748957439686682e-01,6.578206311874509327e-01,7.070255191302606823e-01,7.689264881800826901e-01,8.307350960311231658e-01,6.590795503383081178e-01,6.460896244414269241e-01,7.712138406893717102e-01,7.319869839530285249e-01,7.891300723996453881e-01,7.636552770764349907e-01,7.685373553419349024e-01,8.516076725521656288e-01,7.366495110577011562e-01,6.738366176917688355e-01,6.821638208188125496e-01,5.801243158189847149e-01,1.838501862575140644e-01,1.306415167117847831e-01,3.412298414548644576e-01,6.883949862863497637e-01,7.635862482261597250e-01,7.040262980685572103e-01,2.047301012798463105e-01,5.012750832765150433e-01,5.918833577930689982e-01,8.269117449262359809e-01,8.212097576171284441e-01,8.343169751844543569e-01
6.229673674931597294e-01,7.206834988057407854e-01,6.264218638828578101e-01,6.333512308851569905e-01,6.924346488941919286e-01,5.778160209619475074e-01,6.648156474643973635e-01,6.097392476060947697e-01,6.412217553220140864e-01,4.330624591692456282e-01,6.589929036312218713e-01,5.163391984688531222e-01,5.945196435816104685e-01,6.077386517651776066e-01,6.572749282670629078e-01,4.259130250405579465e-01,5.957014045517888823e-01,5.906486265087338428e-01,6.080760223247619889e-01,6.003943249168105512e-01,4.983987561678934752e-01,6.707598279247676265e-01,6.405521315574416175e-01,5.991321170056641554e-01,6.505134269229577715e-01,6.734120054320685833e-01,6.445835256907334054e-01,6.193851447439582270e-01,6.684974473285145713e-01,6.815933531878669571e-01,1.000000000000000000e+00,6.326784291966786045e-01,6.525688116056225230e-01,6.710348504378393919e-01,7.056959104941163963e-01,6.584421580271671015e-01,6.014621941481107514e-01,6.071199726339765457e-01,7.038149326303586584e-01,6.201230488570907973e-01,6.753627975393445837e-01,6.678807306770038199e-01,5.722660114511111118e-01,6.786561126036747549e-01,5.965003780389265264e-01,6.954462727481596218e-01,6.561058686098272252e-01,5.295572159765580267e-01,1.878532124397169212e-01,1.284329159693761435e-01,3.002271771686372825e-01,6.631943795908390449e-01,6.152184418333225269e-01,6.649416902873082069e-01,1.794689707501211651e-01,4.576686859304109900e-01,5.205385298656545201e-01,6.679356872280207691e-01,6.423645904057728728e-01,6.454788260413256706e-01
6.043306922521547442e-01,7.186706643328455435e-01,6.103294333127473603e-01,5.560693693049963970e-01,6.312579935827052902e-01,6.204974850472073644e-01,6.321747889898368111e-01,6.164556975182925447e-01,6.818827186863952727e-01,4.946243172227499652e-01,7.076706504025068734e-01,5.662382513252899319e-01,7.079298551200307044e-01,6.941746228202141378e-01,7.001111327183893174e-01,4.148135406167346995e-01,6.094394602091938173e-01,6.113402434887068582e-01,5.878623984642704636e-01,5.713487594015110860e-01,6.147418014314175450e-01,7.156167850055403790e-01,7.071823225433943039e-01,6.581059827704243137e-01,6.638430876212020326e-01,7.283533817098722940e-01,6.847776703760888317e-01,7.234605334864305792e-01,7.400608707870011127e-01,7.451748957439686682e-01,6.326784291966786045e-01,1.000000000000000000e+00,5.950651276828430314e-01,6.393640869940229177e-01,6.789358570172763230e-01,7.265106327796155838e-01,5.325753825655279439e-01,6.124103488603560574e-01,7.080539842026967179e-01,6.351220258004591779e-01,6.921258885455288112e-01,6.789072710483545769e-01,6.682587898856447994e-01,7.291657659113235379e-01,6.497968359561840934e-01,6.270158820782131270e-01,6.253869930762001594e-01,5.355195377915362709e-01,2.354803140733504052e-01,1.555555076698743322e-01,3.122220651343461384e-01,6.285306708844927703e-01,7.162814003776970528e-01,6.602840222509717139e-01,1.883190677213706365e-01,4.665917529427826560e-01,5.200911078374358398e-01,7.182764951537907727e-01,7.104371984446045118e-01,7.354644193281686393e-01
6.180451844372628623e-01,6.824980651988858948e-01,6.609192351805213139e-01,6.728856362175392736e-01,6.796232412484355390e-01,6.025758003431379572e-01,7.060841904750760900e-01,6.714230696739128534e-01,6.267612905771507981e-01,4.535866894306238573e-01,6.641722519921654522e-01,5.296165712041608353e-01,5.932457210180481777e-01,5.796377542746160572e-01,7.020271455744535594e-01,4.463624956755794515e-01,5.672506980358270612e-01,6.464280470766022857e-01,6.817693129784246908e-01,6.500011454367827790e-01,5.323873026285036447e-01,6.940664631713518995e-01,6.128161883614269279e-01,6.000112129151434770e-01,6.125097882850296660e-01,6.207393158452177984e-01,6.160223974481942033e-01,6.062793418501787324e-01,6.251177468870949827e-01,6.578206311874509327e-01,6.525688116056225230e-01,5.950651276828430314e-01,1.000000000000000000e+00,6.948608057945496741e-01,7.337655497894574053e-01,6.668153871789499476e-01,6.307560652273407342e-01,5.487598950386227692e-01,6.993883390929788169e-01,5.974845720858695808e-01,7.093394151388817681e-01,6.853003578482830260e-01,5.771060289552875089e-01,6.469990504663228892e-01,6.273225446400881866e-01,6.686413335747729558e-01,6.383212634870977231e-01,5.074245443279927770e-01,2.164035891505915188e-01,1.367602931068791217e-01,3.488136288643156058e-01,5.974977821748681528e-01,6.123765966940518668e-01,6.929041232820033480e-01,1.855664076849085908e-01,4.071090409592921233e-01,4.548105275793937197e-01,6.360268146516810939e-01,6.190571616905918839e-01,6.298465906929443525e-01
6.408452201377702329e-01,7.242567741544494453e-01,6.822275219938159774e-01,7.112502779307644518e-01,6.959283864695074984e-01,6.243552570260259005e-01,7.395796637950518004e-01,7.311567640677122393e-01,6.716665751588922761e-01,4.388199954301704175e-01,6.620847916173109304e-01,5.387271955157835190e-01,6.077648364873295961e-01,6.164857247037333066e-01,7.080790988367582361e-01,4.515122366711622481e-01,6.018182217637025877e-01,6.247513155377207861e-01,6.529828504537944500e-01,6.319149046114802548e-01,5.216103178163497001e-01,7.146055351274709366e-01,6.745751431059773262e-01,6.306915191759209227e-01,6.612777876823493495e-01,6.736066858023518344e-01,6.488782576625308218e-01,6.266056471623407953e-01,6.580312166064701263e-01,7.070255191302606823e-01,6.710348504378393919e-01,6.393640869940229177e-01,6.948608057945496741e-01,1.000000000000000000e+00,7.175103285512024476e-01,6.751389129630144259e-01,7.171407130011442366e-01,5.807764529745432780e-01,7.566058946533165130e-01,6.177842423278889772e-01,6.893306969190221567e-01,6.802862338376451934e-01,6.135321368713247958e-01,6.972272242679413701e-01,6.039575126841262298e-01,6.851513263661034303e-01,6.495453324082247626e-01,5.486446188740972119e-01,2.313831953210426506e-01,1.540553765471281977e-01,3.421726763426187201e-01,6.616329482017115904e-01,6.539265116877017725e-01,7.187129103255168738e-01,1.834537239054884750e-01,4.692742336579246443e-01,5.260847228331420045e-01,6.627604021931950973e-01,6.474270589370512141e-01,6.556281619213963907e-01
7.140725840067262409e-01,7.732262200298988253e-01,7.201833973296015712e-01,6.891809958875316777e-01,7.526228778563608390e-01,7.077812268235789128e-01,7.617652200620658176e-01,7.268926323435450643e-01,7.397288158088602961e-01,5.345939697955793823e-01,8.043055778975938264e-01,6.367815191193312296e-01,7.500898921916878681e-01,7.210997162549850348e-01,7.861163871419233340e-01,4.619020023701490008e-01,6.597922495054844294e-01,7.144856564241700569e-01,7.335849368289991679e-01,7.211103427077913963e-01,6.742985454041990900e-01,8.045541998682579354e-01,7.347871260165823593e-01,7.132648521393920582e-01,7.327396442766189733e-01,7.528874888300417512e-01,7.513585201721667550e-01,7.452494569232120947e-01,7.747573183354536930e-01,7.689264881800826901e-01,7.056959104941163963e-01,6.789358570172763230e-01,7.337655497894574053e-01,7.175103285512024476e-01,1.000000000000000000e+00,7.998062350645380736e-01,6.607189647086257889e-01,6.529109774893052665e-01,7.647614882481328369e-01,7.249097821110563888e-01,8.174489767497497006e-01,7.992463330572139313e-01,7.210268025670062420e-01,7.815129955405355489e-01,7.655185839223729305e-01,7.328742907179565114e-01,6.941772316065231152e-01,5.534147665780841940e-01,1.949527076628604361e-01,1.329552780232743647e-01,3.615131803322917392e-01,7.358360562703445407e-01,7.337034628984501206e-01,7.765495114552319889e-01,2.218108432171464472e-01,4.606967855837316161e-01,5.236740851096169935e-01,7.834770109618219847e-01,7.659751488080384085e-01,7.765613737807524064e-01
6.873913005927282383e-01,7.866849683555798833e-01,7.218763640514892499e-01,6.613185410685692434e-01,7.374660556490681973e-01,7.785594517207280463e-01,7.583454143174775952e-01,7.361952734457017922e-01,7.730932325286191675e-01,5.576130960162014594e-01,8.582406197478819054e-01,6.742749350911373396e-01,8.418618795820773659e-01,8.081837945979249982e-01,7.965769535972139215e-01,4.145920559410586348e-01,6.789085766171040204e-01,7.001610273294147646e-01,7.017277872444269704e-01,6.932670819113833094e-01,7.870181876480155658e-01,8.195745001767216209e-01,8.165118220188607445e-01,7.904477796209514739e-01,7.683444960025059833e-01,8.213413844648890239e-01,7.960470352881486855e-01,8.494766069038603984e-01,8.510526568731480168e-01,8.307350960311231658e-01,6.584421580271671015e-01,7.265106327796155838e-01,6.668153871789499476e-01,6.751389129630144259e-01,7.998062350645380736e-01,1.000000000000000000e+00,6.310147997197781411e-01,6.407033319995886211e-01,7.768849952586214247e-01,7.529899125688043204e-01,8.254928442837895508e-01,7.949493345141213085e-01,8.104753987528692249e-01,8.420923331726417604e-01,8.269007926301981115e-01,6.511517038131597879e-01,6.694332300798043756e-01,5.295605217531522690e-01,1.629689399326128552e-01,1.153706679976791993e-01,3.317307692307692180e-01,6.491151533550210129e-01,7.913820626019982818e-01,7.266515934301012170e-01,2.107628990650606826e-01,4.353357225993289004e-01,5.033428043510216332e-01,8.500005951154836481e-01,8.634523224295921340e-01,8.615055764780966685e-01
6.242771153887459734e-01,6.828553547286395631e-01,6.798490772950404049e-01,7.497877173811058338e-01,6.719576596124299250e-01,6.257906391522909395e-01,7.515684763237657773e-01,7.944680986759052876e-01,6.136459014940890411e-01,3.792696360678300960e-01,6.199882770754771011e-01,4.841057794749931698e-01,5.855339726937288658e-01,5.744996696026778427e-01,6.742353556222584476e-01,3.466555405210123286e-01,5.415135765520279199e-01,5.227480457867764718e-01,5.554603815643691656e-01,5.469985624848074934e-01,5.040492947673044233e-01,6.616302922084024152e-01,6.778775455261932814e-01,6.357949934176240214e-01,5.872582534494866779e-01,5.972420286423792968e-01,5.761527033093444272e-01,6.154760680654469684e-01,6.213941829192697330e-01,6.590795503383081178e-01,6.014621941481107514e-01,5.325753825655279439e-01,6.307560652273407342e-01,7.171407130011442366e-01,6.607189647086257889e-01,6.310147997197781411e-01,1.000000000000000000e+00,5.160310139511343763e-01,7.540229917032095219e-01,5.569000121839282613e-01,6.097253346035670374e-01,6.058061925976518935e-01,5.983711966645566260e-01,6.349890929275306961e-01,5.786129459222884019e-01,5.755885207730316866e-01,5.459665480126592030e-01,4.457961427545685251e-01,1.585592912853801273e-01,1.131455418585041173e-01,2.814013455912330874e-01,6.100152760300511234e-01,6.102110001639393655e-01,6.547475729682862289e-01,1.527411589183935714e-01,4.026124994742370511e-01,4.479632250505198865e-01,6.136561730809481086e-01,6.182763167629878875e-01,6.202143100179240420e-01
5.705088487656877483e-01,6.809167046841935189e-01,5.743793986805952878e-01,5.299692703018601403e-01,6.091396599271158285e-01,5.855913659048527231e-01,6.231247305610779774e-01,5.698175457368938046e-01,6.205460657689204629e-01,4.249531100667747752e-01,6.486729629660747953e-01,5.230835097050096083e-01,6.205431508320795597e-01,6.271560111249668834e-01,6.188728086912467230e-01,3.728797941646707637e-01,5.594925962890607840e-01,5.455468218794004009e-01,5.517645646981201857e-01,5.308959274899188729e-01,5.590250632751458948e-01,6.626086246511216915e-01,6.371656111158573443e-01,6.004941009540937236e-01,5.934393263756627679e-01,6.842392615693365654e-01,6.358313969022123535e-01,6.452481086677532840e-01,6.535692791808895841e-01,6.460896244414269241e-01,6.071199726339765457e-01,6.124103488603560574e-01,5.487598950386227692e-01,5.807764529745432780e-01,6.529109774893052665e-01,6.407033319995886211e-01,5.160310139511343763e-01,1.000000000000000000e+00,6.596247987683028224e-01,5.753090569579315527e-01,6.191494623214456317e-01,6.397683442493339312e-01,5.953272413471005775e-01,6.571054003880919536e-01,6.070105315286135061e-01,6.042623929504774560e-01,5.847064315640631005e-01,4.844721793276411392e-01,2.050282771939999638e-01,1.278250733469771250e-01,2.783236735308750598e-01,6.647499624912079907e-01,6.452342960864134724e-01,6.243872740041646052e-01,1.691125022551723811e-01,4.210839409945853484e-01,4.589438973207402572e-01,6.554095146768943447e-01,6.469611564940068726e-01,6.429533253732806486e-01
7.085045551425876997e-01,8.081250160914064118e-01,7.375101073267334995e-01,7.222481612708753218e-01,7.493279097232619090e-01,7.318069168678410508e-01,7.822550089571259635e-01,8.018361352686328436e-01,7.245621525219408943e-01,4.932337214649991641e-01,7.622496354865304635e-01,6.101863978292079160e-01,7.311889085856539960e-01,7.280816445406929072e-01,7.795574492868684313e-01,4.357138944635977618e-01,6.455210545219138840e-01,6.574545563353317856e-01,6.665982456220392871e-01,6.516093039493873196e-01,6.663107596927385634e-01,7.928371156605411585e-01,7.765236648456276258e-01,7.225873447388712068e-01,6.923488630549486933e-01,7.504009294737918889e-01,7.182641384166896792e-01,7.578656462825749118e-01,7.650259562854587747e-01,7.712138406893717102e-01,7.038149326303586584e-01,7.080539842026967179e-01,6.993883390929788169e-01,7.566058946533165130e-01,7.647614882481328369e-01,7.768849952586214247e-01,7.540229917032095219e-01,6.596247987683028224e-01,1.000000000000000000e+00,6.760801182314272184e-01,7.423417653873080058e-01,7.373817072878954271e-01,7.183551423899581234e-01,7.729593280038237202e-01,7.282665173188519470e-01,6.950391837937394124e-01,6.765118435107813077e-01,5.470824164126879552e-01,2.283215227290334715e-01,1.523834188228518904e-01,3.432194127337414580e-01,7.154083200954525212e-01,7.519962551352549207e-01,7.665678242714892843e-01,1.805804586922458987e-01,4.647901427662276541e-01,5.198786225108115167e-01,7.593804033509721219e-01,7.671454310194053550e-01,7.650975574649183653e-01
6.158285389530774312e-01,6.854627366031671443e-01,6.247686155662929286e-01,5.828000500216579116e-01,6.617991963920514253e-01,6.331134464661066774e-01,6.461869067215836315e-01,6.341091630947641722e-01,6.951811175472345505e-01,5.780891730189093858e-01,7.676937362836342427e-01,6.668721803965782513e-01,7.303493089929420368e-01,7.430754205279660463e-01,7.020320506756053680e-01,3.878953554952877525e-01,6.070458064975011725e-01,6.108985749230204654e-01,6.195840006436253988e-01,6.030972950882669270e-01,5.964277792049387239e-01,7.127323431660832487e-01,7.251405973273353789e-01,7.176452308468729280e-01,7.450327306701033381e-01,7.488789032076696994e-01,7.697429513268374546e-01,7.031352596621842643e-01,7.691610498861580769e-01,7.319869839530285249e-01,6.201230488570907973e-01,6.351220258004591779e-01,5.974845720858695808e-01,6.177842423278889772e-01,7.249097821110563888e-01,7.529899125688043204e-01,5.569000121839282613e-01,5.753090569579315527e-01,6.760801182314272184e-01,1.000000000000000000e+00,8.293708297147577291e-01,7.764531682308654092e-01,6.953033182377088561e-01,7.426134105348071168e-01,7.004252994200058646e-01,6.039208991955995476e-01,5.947065173250327685e-01,4.954020989797263685e-01,3.152174058610748841e-01,3.348372915831518415e-01,4.578839741943496189e-01,5.983227013701003516e-01,6.771384243071292275e-01,6.451829967909978869e-01,2.752728569646797352e-01,4.930879080428205441e-01,5.658168954583951971e-01,7.902032568865895445e-01,7.545716667682285106e-01,7.586102247090601436e-01
6.792914500190306848e-01,7.493109370190198515e-01,7.166237981599745677e-01,6.644116554001433528e-01,7.374167491441672162e-01,7.107954897443389264e-01,7.360042036304699220e-01,7.245430283860553322e-01,7.444752144419012341e-01,6.357794259833595696e-01,8.338161036207872856e-01,7.091667772505982903e-01,7.986733287907389345e-01,7.864772439853767727e-01,7.949398466448899248e-01,4.533626960887002233e-01,6.577536420334638700e-01,7.109111746848443270e-01,7.409564673224264819e-01,7.205712346475998675e-01,6.933858622538258132e-01,7.942959543481842299e-01,7.698984052649440191e-01,7.639089217987167224e-01,7.840779839712188615e-01,7.903282596223980550e-01,8.102142186708445326e-01,7.696495918120408453e-01,8.168538188537283196e-01,7.891300723996453881e-01,6.753627975393445837e-01,6.921258885455288112e-01,7.093394151388817681e-01,6.893306969190221567e-01,8.174489767497497006e-01,8.254928442837895508e-01,6.097253346035670374e-01,6.191494623214456317e-01,7.423417653873080058e-01,8.293708297147577291e-01,1.000000000000000000e+00,8.535633558355368855e-01,7.487369567762669487e-01,7.938361062864017770e-01,7.847598737989457396e-01,6.715481210593030603e-01,6.703163396317729505e-01,5.348764115146154019e-01,2.853983756216841305e-01,2.636828432215167495e-01,4.556230481863153825e-01,6.300400817774736151e-01,7.343003113478153709e-01,7.313502017595044924e-01,2.889690223386328083e-01,4.869788511234865447e-01,5.734488527113635881e-01,8.399180029997317387e-01,8.019701092995468183e-01,8.175733539344709477e-01
6.621735587230760389e-01,7.678417077148232961e-01,7.052696414321983909e-01,6.541740521950035747e-01,7.245147407315365440e-01,7.160725841354715904e-01,7.208907364687521246e-01,7.069420356642537318e-01,7.339044514898477312e-01,6.834377942866443068e-01,8.250513322691040985e-01,7.506899463957361629e-01,7.774883807068549979e-01,7.821946845340062016e-01,7.613686482440396031e-01,4.154851591967130831e-01,6.413789223384871452e-01,6.638040621126178875e-01,6.720148221636620400e-01,6.616696691044693379e-01,6.861403238178934716e-01,7.816471003814907670e-01,7.444559666668866260e-01,7.559289460184543952e-01,7.575162517138632756e-01,8.067024395234232426e-01,7.900318073834933230e-01,7.630188610343175970e-01,8.031743579594161631e-01,7.636552770764349907e-01,6.678807306770038199e-01,6.789072710483545769e-01,6.853003578482830260e-01,6.802862338376451934e-01,7.992463330572139313e-01,7.949493345141213085e-01,6.058061925976518935e-01,6.397683442493339312e-01,7.373817072878954271e-01,7.764531682308654092e-01,8.535633558355368855e-01,1.000000000000000000e+00,7.503482087283210866e-01,7.853647686295103236e-01,7.679990896687145518e-01,6.860021724529800080e-01,6.595319297380327628e-01,5.009035735828359925e-01,2.362724976935950405e-01,2.143512859060908993e-01,4.056643925439507026e-01,6.548054021547979886e-01,7.344584001659419936e-01,7.106634702598734199e-01,3.803830208665773260e-01,5.187302299937516237e-01,6.031507275735559226e-01,8.456094851483778596e-01,7.908956358748162607e-01,8.038688682187083989e-01
6.727369785649476297e-01,7.301838061912564459e-01,6.931813417253851473e-01,6.015056957167971285e-01,6.703271785611961686e-01,7.600827401316748722e-01,7.039729960788624341e-01,7.244306759257853612e-01,7.368727199949265394e-01,5.216210119845643423e-01,8.017040504219142827e-01,6.458331398601887541e-01,8.231289483606561985e-01,7.763793331749228033e-01,7.384862113784604887e-01,3.660627413479495829e-01,6.689407831924711889e-01,6.407457373646493481e-01,6.105120580705560851e-01,6.002695604145917851e-01,7.641035435505822981e-01,7.810518162786690421e-01,7.756452442345447285e-01,7.659296726825896018e-01,7.315126857296051499e-01,7.772850295452096159e-01,7.462942164210063511e-01,8.017787020848022861e-01,8.014524020876238053e-01,7.685373553419349024e-01,5.722660114511111118e-01,6.682587898856447994e-01,5.771060289552875089e-01,6.135321368713247958e-01,7.210268025670062420e-01,8.104753987528692249e-01,5.983711966645566260e-01,5.953272413471005775e-01,7.183551423899581234e-01,6.953033182377088561e-01,7.487369567762669487e-01,7.503482087283210866e-01,1.000000000000000000e+00,8.038322762439865654e-01,7.817530726515586892e-01,5.751283169202053847e-01,5.868822030698301884e-01,4.530372393873797199e-01,1.370101072429390499e-01,9.649979856527977906e-02,2.791129429179485810e-01,6.174662705077680336e-01,7.760502123254623408e-01,6.648409546844179507e-01,1.736522290796677359e-01,3.779238406561580832e-01,4.751579568807413056e-01,8.102374300924034545e-01,8.275500036611591614e-01,8.102050128436969478e-01
7.243807071612414772e-01,8.042103378899885247e-01,7.080419062033201927e-01,6.664070300608034847e-01,7.462179319662368693e-01,7.492016133045139581e-01,7.635222208468301908e-01,7.305576025310320798e-01,8.102020547330724964e-01,5.302248771858311116e-01,8.315953474235350251e-01,6.519294717803112427e-01,8.063299218774456767e-01,8.244971762308972441e-01,7.969878062725732626e-01,4.408904949579024457e-01,7.123434350779545010e-01,6.758744940911205479e-01,6.883741029492852492e-01,6.787083267738398540e-01,7.219924864430771194e-01,8.323454194287118746e-01,8.019818337921230667e-01,7.840765832971120508e-01,8.166517950568733530e-01,8.339018258408716910e-01,7.906192620918799374e-01,8.330086182795954919e-01,8.627794723961251799e-01,8.516076725521656288e-01,6.786561126036747549e-01,7.291657659113235379e-01,6.469990504663228892e-01,6.972272242679413701e-01,7.815129955405355489e-01,8.420923331726417604e-01,6.349890929275306961e-01,6.571054003880919536e-01,7.729593280038237202e-01,7.426134105348071168e-01,7.938361062864017770e-01,7.853647686295103236e-01,8.038322762439865654e-01,1.000000000000000000e+00,7.713433704244677669e-01,6.774138705457460885e-01,6.753956044275342130e-01,5.610987475001067981e-01,1.765339145866346160e-01,1.235216496011681542e-01,3.242755235160152960e-01,7.156205760733250765e-01,7.985559435642718418e-01,7.290012441113242758e-01,1.955524361740728911e-01,4.809943234031521797e-01,5.793368355797512415e-01,8.562157655928700484e-01,8.466199928080732073e-01,8.510411849438526133e-01
6.661893137678360777e-01,7.484912680999951107e-01,7.056691644492368853e-01,5.893039142093652316e-01,6.624016069335644241e-01,7.749431092657805831e-01,7.101577278423940598e-01,7.192498199366527123e-01,6.975935726443099894e-01,5.561159804076787339e-01,8.494923221396513124e-01,6.729817254558270179e-01,8.331368725507248829e-01,7.882624862483902373e-01,7.643341931553412349e-01,3.462463297030990428e-01,6.143625742697012004e-01,6.570483271358387167e-01,6.574007166546388392e-01,6.647040674768379676e-01,8.434134645249886653e-01,7.902603225282831545e-01,7.785457648273335085e-01,7.214977464917098349e-01,6.528722018296697627e-01,7.664536201223990375e-01,7.653152180018880646e-01,8.038949904871279806e-01,7.918107514218746257e-01,7.366495110577011562e-01,5.965003780389265264e-01,6.497968359561840934e-01,6.273225446400881866e-01,6.039575126841262298e-01,7.655185839223729305e-01,8.269007926301981115e-01,5.786129459222884019e-01,6.070105315286135061e-01,7.282665173188519470e-01,7.004252994200058646e-01,7.847598737989457396e-01,7.679990896687145518e-01,7.817530726515586892e-01,7.713433704244677669e-01,1.000000000000000000e+00,6.050881476589418106e-01,6.229343024847271426e-01,4.156257068032696567e-01,1.425115594115167195e-01,1.012668338796488127e-01,3.056759789829619489e-01,5.910195072509111247e-01,7.654019433834936548e-01,7.117102858066698401e-01,2.128049497676338664e-01,3.918152201914283927e-01,4.202670480772300321e-01,8.264118895579053437e-01,8.610597343410212323e-01,8.198969291650214375e-01
6.032063138999300689e-01,7.185939473215717799e-01,6.372349886329617963e-01,6.186050455191614006e-01,6.783788453153731801e-01,5.905088482538517480e-01,6.622101608629070713e-01,6.059567605685143299e-01,6.462716664273088218e-01,4.297775655648946036e-01,6.535277287602346830e-01,5.217346815925121284e-01,5.755566432906563668e-01,6.068458076771106047e-01,6.685785330520364056e-01,4.475713686428128835e-01,6.015472654463063229e-01,6.191312203455061614e-01,6.369102527368833977e-01,6.122897501091099093e-01,5.240576125255189677e-01,6.779004729795864437e-01,6.241510698305560156e-01,5.882432846182142905e-01,6.304114481680063165e-01,6.682300484386959338e-01,6.490128221544487763e-01,6.167464447456250110e-01,6.447329330820479321e-01,6.738366176917688355e-01,6.954462727481596218e-01,6.270158820782131270e-01,6.686413335747729558e-01,6.851513263661034303e-01,7.328742907179565114e-01,6.511517038131597879e-01,5.755885207730316866e-01,6.042623929504774560e-01,6.950391837937394124e-01,6.039208991955995476e-01,6.715481210593030603e-01,6.860021724529800080e-01,5.751283169202053847e-01,6.774138705457460885e-01,6.050881476589418106e-01,1.000000000000000000e+00,6.919710582933091825e-01,5.462055001584221747e-01,2.046161584435101655e-01,1.352859628704809192e-01,3.136494291678517121e-01,6.831969203223631215e-01,6.381439490831263273e-01,7.022088369059975577e-01,1.663234638128324727e-01,4.444835109643997528e-01,5.196636956180165079e-01,6.579481439335270743e-01,6.378829442746570821e-01,6.281861949729394823e-01
6.130557784626220474e-01,6.986292848195854166e-01,6.261864083294876870e-01,6.030947840648686054e-01,6.845185881276852902e-01,5.986056269530347640e-01,6.518998978981936920e-01,6.023002229585298073e-01,6.374320910696550380e-01,4.526552624789450530e-01,6.699424158135588447e-01,5.309416052188595803e-01,6.023946669560953371e-01,6.286609877980099403e-01,6.651718582646122258e-01,4.439863591564605083e-01,5.919467284558869169e-01,6.452985792718409774e-01,6.563387537290017448e-01,6.432823091717203567e-01,5.690885627178098316e-01,6.804623489464982633e-01,6.373381567461811059e-01,6.027637811151030922e-01,6.216318393102148177e-01,6.653176340646959064e-01,6.428556003214643821e-01,6.310417056903837585e-01,6.596990791689093525e-01,6.821638208188125496e-01,6.561058686098272252e-01,6.253869930762001594e-01,6.383212634870977231e-01,6.495453324082247626e-01,6.941772316065231152e-01,6.694332300798043756e-01,5.459665480126592030e-01,5.847064315640631005e-01,6.765118435107813077e-01,5.947065173250327685e-01,6.703163396317729505e-01,6.595319297380327628e-01,5.868822030698301884e-01,6.753956044275342130e-01,6.229343024847271426e-01,6.919710582933091825e-01,1.000000000000000000e+00,5.616596170510554931e-01,1.750030535284554933e-01,1.210823645799037479e-01,3.025532920963285299e-01,6.470570554552990128e-01,6.169598369262168092e-01,6.756935578133805853e-01,1.723303723508485541e-01,4.227800811146402715e-01,4.694126545257977234e-01,6.674437922962703773e-01,6.530911999305859528e-01,6.601796753087368907e-01
4.982650296967720549e-01,5.497678292685088675e-01,4.574589163291309379e-01,4.869799179249760801e-01,5.640239298202336382e-01,4.375715197913416232e-01,5.033585710341595965e-01,4.893392010365845701e-01,5.560759708413625102e-01,3.554912090110796674e-01,5.249586088228800351e-01,4.011377640561191171e-01,4.528901511968381755e-01,4.737337652959377476e-01,5.600427446535246601e-01,4.713520208763636865e-01,4.988443004569445560e-01,5.679144537171427753e-01,5.497189050009241296e-01,4.692704064125913788e-01,3.406489661527123958e-01,5.689988652290344229e-01,5.397042506908983350e-01,5.124498274842894663e-01,5.937720205856522604e-01,5.244668537187787694e-01,5.133397542994146967e-01,5.164542177756018537e-01,5.519069034862543743e-01,5.801243158189847149e-01,5.295572159765580267e-01,5.355195377915362709e-01,5.074245443279927770e-01,5.486446188740972119e-01,5.534147665780841940e-01,5.295605217531522690e-01,4.457961427545685251e-01,4.844721793276411392e-01,5.470824164126879552e-01,4.954020989797263685e-01,5.348764115146154019e-01,5.009035735828359925e-01,4.530372393873797199e-01,5.610987475001067981e-01,4.156257068032696567e-01,5.462055001584221747e-01,5.616596170510554931e-01,1.000000000000000000e+00,2.348488649254127647e-01,1.467332002239063460e-01,2.811601622190683658e-01,5.538056526438966953e-01,5.009885667244902141e-01,5.517538485466697562e-01,1.308578860332166582e-01,4.131576322470923990e-01,4.699130027990968683e-01,5.322302263472620254e-01,5.073599550993284080e-01,5.225742807471610574e-01
1.966165088977530895e-01,2.525393889787879709e-01,1.696056003296621817e-01,1.775612978272519960e-01,1.671509470991747182e-01,1.336396394078241678e-01,1.637031031667814662e-01,2.268297459798883642e-01,1.910310448892410529e-01,2.333459327889695623e-01,1.830163125521382106e-01,2.894443336391138710e-01,1.448831920063705092e-01,2.890776580681117536e-01,2.525647258259975936e-01,2.235127246642905074e-01,1.775737988540899426e-01,2.178140299069563635e-01,2.186394655544303955e-01,1.451297015774726806e-01,1.256369163951744083e-01,2.509414352102539714e-01,1.809639737529644410e-01,1.528473662963439061e-01,1.742013688923600701e-01,2.216868585267820768e-01,2.090518949362897005e-01,1.492105022974299089e-01,1.575380125901043871e-01,1.838501862575140644e-01,1.878532124397169212e-01,2.354803140733504052e-01,2.164035891505915188e-01,2.313831953210426506e-01,1.949527076628604361e-01,1.629689399326128552e-01,1.585592912853801273e-01,2.050282771939999638e-01,2.283215227290334715e-01,3.152174058610748841e-01,2.853983756216841305e-01,2.362724976935950405e-01,1.370101072429390499e-01,1.765339145866346160e-01,1.425115594115167195e-01,2.046161584435101655e-01,1.750030535284554933e-01,2.348488649254127647e-01,1.000000000000000000e+00,8.509898448856315634e-01,7.859062897684883087e-01,2.170323341753873647e-01,2.661640784383291769e-01,2.607845759559324628e-01,1.014470277062177184e-01,2.507529287200784274e-01,1.907266987427981286e-01,2.235753637095546920e-01,1.512012653858187949e-01,1.523350689647481049e-01
1.309076498472509786e-01,1.663525332439078908e-01,1.135074581423435314e-01,1.316059903992108371e-01,1.293753378943025834e-01,9.524023289492117295e-02,1.191687717643512556e-01,1.442248757665656189e-01,1.330400735780911392e-01,2.210833882276888873e-01,1.379307332438924338e-01,2.928302435073654175e-01,1.027799240344443449e-01,3.036218311945225179e-01,1.717740803059241150e-01,1.289431336648874937e-01,1.243107017814007453e-01,1.401028430203766495e-01,1.365684906028629131e-01,1.031272511600995617e-01,8.927593518924953342e-02,1.600268860647683367e-01,1.276547270895732056e-01,1.047091187041534199e-01,1.324278543635762917e-01,1.817327653086747152e-01,1.901329223158422788e-01,1.058370017408652580e-01,1.119444332555868116e-01,1.306415167117847831e-01,1.284329159693761435e-01,1.555555076698743322e-01,1.367602931068791217e-01,1.540553765471281977e-01,1.329552780232743647e-01,1.153706679976791993e-01,1.131455418585041173e-01,1.278250733469771250e-01,1.523834188228518904e-01,3.348372915831518415e-01,2.636828432215167495e-01,2.143512859060908993e-01,9.649979856527977906e-02,1.235216496011681542e-01,1.012668338796488127e-01,1.352859628704809192e-01,1.210823645799037479e-01,1.467332002239063460e-01,8.509898448856315634e-01,1.000000000000000000e+00,7.924969197120131925e-01,1.445188184722300262e-01,1.675175187682240441e-01,1.672310468944774031e-01,1.046358609019796965e-01,1.921021699139716932e-01,1.414945117976449118e-01,2.057925033440758944e-01,1.075555602714893672e-01,1.087172494524616118e-01
3.148804990385885572e-01,3.466960998361930946e-01,3.124626656695362881e-01,3.244912549444317618e-01,3.302176919122791765e-01,2.744446736499714934e-01,3.255465247713580923e-01,3.327633699066279149e-01,3.321321920356793411e-01,3.539642818400300373e-01,3.517648639073738259e-01,4.242769959118521395e-01,3.059091132202316210e-01,4.420310442089575020e-01,3.787710182179443441e-01,2.591200349631616606e-01,3.065800427596280797e-01,3.490292208308794497e-01,3.701213344840925679e-01,3.318831775107686233e-01,2.626274698898636295e-01,3.668099591889272815e-01,3.080627597331852541e-01,2.997403404081642186e-01,3.390301511616473085e-01,3.659270103929299078e-01,3.578261629724894810e-01,2.988023835889970226e-01,3.122191577376143834e-01,3.412298414548644576e-01,3.002271771686372825e-01,3.122220651343461384e-01,3.488136288643156058e-01,3.421726763426187201e-01,3.615131803322917392e-01,3.317307692307692180e-01,2.814013455912330874e-01,2.783236735308750598e-01,3.432194127337414580e-01,4.578839741943496189e-01,4.556230481863153825e-01,4.056643925439507026e-01,2.791129429179485810e-01,3.242755235160152960e-01,3.056759789829619489e-01,3.136494291678517121e-01,3.025532920963285299e-01,2.811601622190683658e-01,7.859062897684883087e-01,7.924969197120131925e-01,1.000000000000000000e+00,3.065018323705885894e-01,3.492302448468700971e-01,3.642092148768246163e-01,1.463631243507365898e-01,2.926973134900791029e-01,2.606326206080391006e-01,4.034145917761996492e-01,3.051944609759930094e-01,3.114085181534315683e-01
6.843350259498220955e-01,7.224243992683943016e-01,6.092851336095451709e-01,6.001483907048700273e-01,6.982633494483906356e-01,6.157434076498414788e-01,6.729778747590298149e-01,6.351509914089187303e-01,6.716713995181075036e-01,4.182502439784945847e-01,6.564466990284495429e-01,5.362297363552580576e-01,6.051664485810259730e-01,6.475986577252281773e-01,6.520297670960832903e-01,4.288576092243122639e-01,6.051236275381387530e-01,5.777738923300705931e-01,5.866503120416749484e-01,5.681680870308243314e-01,5.381248852131041982e-01,7.119326000663207532e-01,6.497263974972107281e-01,6.103768627447165862e-01,6.400632929206961919e-01,6.990239512033585845e-01,6.266416530895320136e-01,6.334785747272213552e-01,6.700559399801098159e-01,6.883949862863497637e-01,6.631943795908390449e-01,6.285306708844927703e-01,5.974977821748681528e-01,6.616329482017115904e-01,7.358360562703445407e-01,6.491151533550210129e-01,6.100152760300511234e-01,6.647499624912079907e-01,7.154083200954525212e-01,5.983227013701003516e-01,6.300400817774736151e-01,6.548054021547979886e-01,6.174662705077680336e-01,7.156205760733250765e-01,5.910195072509111247e-01,6.831969203223631215e-01,6.470570554552990128e-01,5.538056526438966953e-01,2.170323341753873647e-01,1.445188184722300262e-01,3.065018323705885894e-01,1.000000000000000000e+00,6.706653830850440867e-01,6.925965032046497161e-01,1.508040030292831513e-01,4.617119657636074015e-01,5.149737581316889967e-01,6.819393135096725178e-01,6.648914038482368616e-01,6.534730338880853084e-01
6.783124585436763887e-01,7.781714169462539132e-01,6.772912881619136405e-01,5.930438485630141754e-01,6.471798186886795756e-01,7.302960227531725135e-01,7.061461017324420775e-01,7.369636499248664041e-01,7.390568397029652070e-01,5.246323200326830083e-01,7.894927314294405418e-01,6.412342208662654697e-01,7.742931941811768137e-01,7.653317425739072366e-01,7.612035556702969608e-01,4.164706178321171404e-01,6.353831337522903855e-01,6.461460765480959711e-01,6.153162582458751029e-01,5.838870901873277619e-01,7.507256119500193003e-01,8.050045448207122645e-01,7.665654760471164453e-01,7.189260428937809255e-01,6.724214974581238513e-01,7.974744290207155251e-01,7.308903963341215615e-01,7.762749024608910364e-01,7.772890413728354986e-01,7.635862482261597250e-01,6.152184418333225269e-01,7.162814003776970528e-01,6.123765966940518668e-01,6.539265116877017725e-01,7.337034628984501206e-01,7.913820626019982818e-01,6.102110001639393655e-01,6.452342960864134724e-01,7.519962551352549207e-01,6.771384243071292275e-01,7.343003113478153709e-01,7.344584001659419936e-01,7.760502123254623408e-01,7.985559435642718418e-01,7.654019433834936548e-01,6.381439490831263273e-01,6.169598369262168092e-01,5.009885667244902141e-01,2.661640784383291769e-01,1.675175187682240441e-01,3.492302448468700971e-01,6.706653830850440867e-01,1.000000000000000000e+00,7.385984434707577595e-01,1.868762509772588787e-01,4.647903141318854292e-01,5.013031442496068690e-01,7.770665852386805517e-01,7.967651156596645690e-01,7.805394395609653868e-01
7.017640870352638283e-01,7.607430115275212179e-01,7.099271832640424718e-01,6.589724720298872906e-01,7.010673600503248837e-01,6.774754675555422212e-01,7.411977484338190258e-01,7.549959907889967070e-01,6.894550620539480201e-01,5.026486948575525915e-01,7.332792202288236361e-01,5.978973554204624064e-01,6.903744931242102867e-01,6.874881395741411216e-01,7.706880928217338944e-01,4.811475511874193645e-01,6.083866509152753288e-01,7.031609530810015718e-01,6.954422075328849928e-01,6.529584831598871375e-01,6.480390213493880669e-01,7.868619562557461755e-01,7.214228733825780449e-01,6.476592609236307974e-01,6.303672226037372317e-01,7.086069999597514046e-01,6.947705078010747437e-01,6.849758804988516081e-01,6.931250573093575840e-01,7.040262980685572103e-01,6.649416902873082069e-01,6.602840222509717139e-01,6.929041232820033480e-01,7.187129103255168738e-01,7.765495114552319889e-01,7.266515934301012170e-01,6.547475729682862289e-01,6.243872740041646052e-01,7.665678242714892843e-01,6.451829967909978869e-01,7.313502017595044924e-01,7.106634702598734199e-01,6.648409546844179507e-01,7.290012441113242758e-01,7.117102858066698401e-01,7.022088369059975577e-01,6.756935578133805853e-01,5.517538485466697562e-01,2.607845759559324628e-01,1.672310468944774031e-01,3.642092148768246163e-01,6.925965032046497161e-01,7.385984434707577595e-01,1.000000000000000000e+00,1.911500478052849950e-01,4.627715309356170703e-01,4.802854253423220476e-01,7.014708608876335516e-01,7.125590090551633393e-01,7.051423968532013475e-01
1.621435169753474848e-01,1.964655065942731149e-01,1.954038241379182084e-01,1.964351468416895008e-01,1.795515303424279063e-01,1.533895417881137035e-01,1.855988021162804091e-01,1.934325327409230633e-01,1.888280434843047084e-01,6.165939009527177106e-01,2.915075021043198045e-01,4.248075797943974830e-01,2.204065596413282146e-01,2.157379948107226164e-01,1.912444832039331133e-01,9.863806000061954571e-02,1.601565528748865874e-01,1.908665681631348532e-01,1.905950021822039597e-01,1.931242482401914484e-01,1.587456710822104100e-01,1.903698410431165500e-01,2.242897486922576789e-01,2.297446587006783669e-01,2.237061633726197263e-01,2.911819612538872892e-01,2.688004390901004292e-01,1.775402018302063289e-01,2.279118003142525939e-01,2.047301012798463105e-01,1.794689707501211651e-01,1.883190677213706365e-01,1.855664076849085908e-01,1.834537239054884750e-01,2.218108432171464472e-01,2.107628990650606826e-01,1.527411589183935714e-01,1.691125022551723811e-01,1.805804586922458987e-01,2.752728569646797352e-01,2.889690223386328083e-01,3.803830208665773260e-01,1.736522290796677359e-01,1.955524361740728911e-01,2.128049497676338664e-01,1.663234638128324727e-01,1.723303723508485541e-01,1.308578860332166582e-01,1.014470277062177184e-01,1.046358609019796965e-01,1.463631243507365898e-01,1.508040030292831513e-01,1.868762509772588787e-01,1.911500478052849950e-01,1.000000000000000000e+00,3.863982601408801898e-01,4.303499373158972685e-01,2.320479416189680510e-01,1.961054630224229600e-01,2.254618271433087018e-01
4.159061021743248321e-01,4.606874667663097833e-01,4.123288972589280177e-01,4.215827030140414378e-01,4.286147086547183460e-01,3.483246453639476936e-01,4.319349610087797608e-01,3.986515781272217396e-01,4.985226791567032856e-01,5.434846961964920897e-01,5.085041358287619717e-01,5.307789318823762370e-01,4.122651080652617872e-01,4.550930040671458121e-01,4.286386971472619933e-01,2.941745029123064570e-01,4.312809910234791100e-01,4.038549781187568688e-01,4.206165846934121211e-01,3.924164523215629141e-01,3.117910311502863352e-01,4.667473804341207844e-01,5.114412161867206708e-01,4.855532716147685779e-01,5.005368690726338388e-01,5.026346626097604187e-01,4.868081193230706094e-01,4.260631389371966060e-01,4.971507364626532310e-01,5.012750832765150433e-01,4.576686859304109900e-01,4.665917529427826560e-01,4.071090409592921233e-01,4.692742336579246443e-01,4.606967855837316161e-01,4.353357225993289004e-01,4.026124994742370511e-01,4.210839409945853484e-01,4.647901427662276541e-01,4.930879080428205441e-01,4.869788511234865447e-01,5.187302299937516237e-01,3.779238406561580832e-01,4.809943234031521797e-01,3.918152201914283927e-01,4.444835109643997528e-01,4.227800811146402715e-01,4.131576322470923990e-01,2.507529287200784274e-01,1.921021699139716932e-01,2.926973134900791029e-01,4.617119657636074015e-01,4.647903141318854292e-01,4.627715309356170703e-01,3.863982601408801898e-01,1.000000000000000000e+00,7.200650294635395632e-01,4.922424838276085457e-01,4.493277638278583841e-01,4.626468680388805543e-01
4.614137921638925000e-01,5.224230329241924542e-01,4.620229800398609199e-01,5.005636136359603583e-01,5.185592146559544480e-01,4.028257471875941742e-01,4.859561554782347303e-01,4.534104446195505456e-01,5.701463023176369660e-01,5.980129637801593345e-01,5.687333825370458618e-01,5.870504216297879330e-01,4.826573641626904498e-01,5.084968062541406209e-01,5.042782075411048615e-01,3.503920459485344585e-01,5.124869718512463646e-01,4.432423969222802906e-01,4.582163460727891047e-01,4.252139810625127914e-01,3.060367319164590261e-01,5.140110510797477605e-01,5.492039800453214493e-01,5.711157232272885409e-01,6.496085451039418368e-01,5.654649072930361120e-01,5.697315848702594332e-01,5.030124131172568624e-01,5.984978742526301243e-01,5.918833577930689982e-01,5.205385298656545201e-01,5.200911078374358398e-01,4.548105275793937197e-01,5.260847228331420045e-01,5.236740851096169935e-01,5.033428043510216332e-01,4.479632250505198865e-01,4.589438973207402572e-01,5.198786225108115167e-01,5.658168954583951971e-01,5.734488527113635881e-01,6.031507275735559226e-01,4.751579568807413056e-01,5.793368355797512415e-01,4.202670480772300321e-01,5.196636956180165079e-01,4.694126545257977234e-01,4.699130027990968683e-01,1.907266987427981286e-01,1.414945117976449118e-01,2.606326206080391006e-01,5.149737581316889967e-01,5.013031442496068690e-01,4.802854253423220476e-01,4.303499373158972685e-01,7.200650294635395632e-01,1.000000000000000000e+00,5.763130896260130198e-01,5.224501931281445577e-01,5.334483172350963365e-01
6.878801762199189263e-01,7.862649723794595813e-01,6.995825420638416281e-01,6.534134638219655233e-01,7.504977395521447159e-01,7.550932603665881926e-01,7.287004000567853801e-01,7.133543580463519440e-01,7.819632535785897565e-01,6.288135954569952224e-01,8.664802908168794948e-01,7.236230373886631817e-01,8.427150142450474668e-01,8.640690547123633936e-01,7.874802628852181074e-01,4.148555514537262678e-01,6.864612671156882229e-01,6.737911199017060371e-01,6.799949908090218154e-01,6.722610191926543521e-01,7.411141170099345699e-01,8.101341020413769245e-01,8.090162529635871458e-01,7.942340490539099296e-01,8.261313116473666396e-01,8.504590514659711165e-01,8.332651658023422225e-01,8.316887371068966139e-01,8.823360033775738964e-01,8.269117449262359809e-01,6.679356872280207691e-01,7.182764951537907727e-01,6.360268146516810939e-01,6.627604021931950973e-01,7.834770109618219847e-01,8.500005951154836481e-01,6.136561730809481086e-01,6.554095146768943447e-01,7.593804033509721219e-01,7.902032568865895445e-01,8.399180029997317387e-01,8.456094851483778596e-01,8.102374300924034545e-01,8.562157655928700484e-01,8.264118895579053437e-01,6.579481439335270743e-01,6.674437922962703773e-01,5.322302263472620254e-01,2.235753637095546920e-01,2.057925033440758944e-01,4.034145917761996492e-01,6.819393135096725178e-01,7.770665852386805517e-01,7.014708608876335516e-01,2.320479416189680510e-01,4.922424838276085457e-01,5.763130896260130198e-01,1.000000000000000000e+00,8.815188029408198567e-01,8.630809975531342770e-01
6.978415786635694396e-01,7.738642527337651345e-01,7.078937860402420013e-01,6.256191773741337503e-01,7.184024919846132562e-01,7.832651326149141502e-01,7.296790907696981687e-01,7.305509632308897494e-01,7.784614617604992404e-01,5.577299532539972127e-01,8.641143360945798824e-01,6.906018992857542171e-01,8.576029211000743002e-01,8.218140375075361215e-01,7.756738338231264906e-01,3.954932872199060090e-01,6.779698954300871216e-01,6.700215801703660601e-01,6.738185836911235738e-01,6.599549968762157270e-01,7.925406593693117285e-01,8.150775562530356844e-01,8.457474413607419805e-01,8.135861508423810617e-01,7.747106262943836974e-01,8.475002176934015585e-01,8.182201355260296793e-01,8.505623515005671376e-01,8.876534714514077162e-01,8.212097576171284441e-01,6.423645904057728728e-01,7.104371984446045118e-01,6.190571616905918839e-01,6.474270589370512141e-01,7.659751488080384085e-01,8.634523224295921340e-01,6.182763167629878875e-01,6.469611564940068726e-01,7.671454310194053550e-01,7.545716667682285106e-01,8.019701092995468183e-01,7.908956358748162607e-01,8.275500036611591614e-01,8.466199928080732073e-01,8.610597343410212323e-01,6.378829442746570821e-01,6.530911999305859528e-01,5.073599550993284080e-01,1.512012653858187949e-01,1.075555602714893672e-01,3.051944609759930094e-01,6.648914038482368616e-01,7.967651156596645690e-01,7.125590090551633393e-01,1.961054630224229600e-01,4.493277638278583841e-01,5.224501931281445577e-01,8.815188029408198567e-01,1.000000000000000000e+00,8.659196497449627161e-01
6.843168171446707415e-01,7.810175888763757346e-01,7.109533918218031712e-01,6.261130810203431318e-01,7.245578863957548021e-01,7.569922461174708461e-01,7.280058917965770426e-01,7.256864139631212796e-01,7.698821165401861233e-01,5.737444150552593047e-01,8.488619235930688900e-01,6.780896355699513878e-01,8.720656563428194064e-01,8.315649383953866991e-01,8.044171474501083940e-01,3.953273353529193068e-01,6.680405605621972942e-01,6.692366433841979712e-01,6.750987065768889739e-01,6.799241913062705756e-01,7.744523645536686152e-01,8.135133886559063887e-01,8.337957009812957399e-01,8.166954148176702732e-01,7.736889864631600888e-01,8.226010070213326530e-01,8.044764388031949709e-01,8.811245399966141090e-01,8.709706227957477731e-01,8.343169751844543569e-01,6.454788260413256706e-01,7.354644193281686393e-01,6.298465906929443525e-01,6.556281619213963907e-01,7.765613737807524064e-01,8.615055764780966685e-01,6.202143100179240420e-01,6.429533253732806486e-01,7.650975574649183653e-01,7.586102247090601436e-01,8.175733539344709477e-01,8.038688682187083989e-01,8.102050128436969478e-01,8.510411849438526133e-01,8.198969291650214375e-01,6.281861949729394823e-01,6.601796753087368907e-01,5.225742807471610574e-01,1.523350689647481049e-01,1.087172494524616118e-01,3.114085181534315683e-01,6.534730338880853084e-01,7.805394395609653868e-01,7.051423968532013475e-01,2.254618271433087018e-01,4.626468680388805543e-01,5.334483172350963365e-01,8.630809975531342770e-01,8.659196497449627161e-01,1.000000000000000000e+00
